STATE,PLACE,POPESTIMATE2023
01,00124,2377
01,00460,4172
01,00484,667
01,00676,224
01,00820,34107
01,00988,23031
01,01132,14470
01,01228,2055
01,01396,556
01,01660,950
01,01708,8840
01,01756,255
01,01852,21167
01,02116,8830
01,02260,1421
01,02320,4386
01,02428,662
01,02500,329
01,02836,2329
01,02860,1942
01,02908,2402
01,02956,30904
01,03004,8315
01,03028,5818
01,03076,82025
01,03220,804
01,03364,473
01,03556,640
01,03676,683
01,03724,209
01,03940,155
01,04660,8371
01,04684,2155
01,04852,1056
01,04900,200
01,04948,185
01,05164,187
01,05692,38
01,05812,524
01,05932,1190
01,05980,25037
01,06460,124
01,07000,196644
01,07120,233
01,07456,1818
01,07672,79
01,07912,10369
01,08104,281
01,08248,167
01,09016,803
01,09136,2659
01,09208,5167
01,09328,2262
01,09400,2237
01,09424,830
01,09736,1200
01,09808,2440
01,10240,2028
01,11032,1767
01,11416,18189
01,11512,1710
01,11680,965
01,12016,1731
01,12040,52
01,12160,289
01,12304,978
01,12496,468
01,12760,1899
01,13264,15705
01,13648,3782
01,13672,2701
01,14008,1068
01,14104,16771
01,14152,966
01,14392,6283
01,14464,4637
01,15064,3910
01,15136,9123
01,15256,10221
01,15304,481
01,15376,2212
01,15472,1252
01,15640,1200
01,16000,1986
01,16240,210
01,16264,250
01,16312,880
01,16600,2064
01,16684,275
01,16744,700
01,16768,4812
01,17176,1265
01,17368,1672
01,17824,1086
01,17968,318
01,18040,588
01,18088,2000
01,18304,1967
01,18856,1838
01,18952,284
01,18976,19913
01,19216,149
01,19336,2960
01,19360,4926
01,19648,30321
01,19744,1895
01,19816,176
01,19912,27
01,20008,1723
01,20104,58321
01,20296,6833
01,20392,225
01,20955,564
01,21136,2255
01,21184,71258
01,21280,1114
01,21328,782
01,21448,285
01,21952,339
01,22216,2252
01,22816,1209
01,23176,212
01,23296,3522
01,23320,2109
01,23344,137
01,23488,436
01,23656,1394
01,23872,24
01,24184,30271
01,24256,262
01,24472,50
01,24568,12451
01,24664,2761
01,24688,589
01,24808,3359
01,24880,531
01,25120,9582
01,25240,24974
01,25384,537
01,25648,1195
01,25816,84
01,25840,4128
01,26200,117
01,26824,1452
01,26848,1934
01,26896,42437
01,26992,24873
01,27376,424
01,27520,1153
01,27616,14957
01,28024,567
01,28312,1124
01,28432,248
01,28504,216
01,28552,9617
01,28672,982
01,28696,33229
01,28768,164
01,28936,202
01,29032,541
01,29056,16096
01,29296,174
01,29392,154
01,29464,4217
01,29560,1273
01,29608,913
01,29704,714
01,29944,422
01,29992,5404
01,30160,151
01,30448,56
01,30496,2615
01,30640,1257
01,30736,1578
01,30760,297
01,30808,232
01,30880,266
01,31096,1057
01,31384,1860
01,31720,2163
01,31912,7030
01,32056,585
01,32080,1742
01,32224,2147
01,32272,16850
01,32416,9028
01,32440,850
01,32536,143
01,32560,1438
01,32656,116
01,32704,4301
01,32848,6952
01,32896,423
01,32968,3324
01,33256,1817
01,33424,2726
01,33448,15875
01,33640,1355
01,33712,777
01,33856,5333
01,33904,241
01,33976,3507
01,34024,22117
01,34096,2305
01,34480,424
01,34816,406
01,35152,744
01,35200,262
01,35392,4648
01,35560,860
01,35632,928
01,35800,27758
01,35896,92448
01,36088,208
01,36448,16202
01,37000,225564
01,37096,340
01,37264,448
01,37312,735
01,37465,2492
01,37864,13526
01,38152,4525
01,38248,751
01,38272,14682
01,38416,14448
01,38608,2941
01,39280,176
01,39472,124
01,39520,427
01,39784,1035
01,39856,4463
01,40072,2263
01,40096,595
01,40672,2625
01,40888,163
01,40928,3794
01,41296,6751
01,41368,270
01,41968,12416
01,42016,985
01,42160,653
01,42352,119
01,42472,1831
01,42640,735
01,42808,108
01,43120,7514
01,43240,1848
01,43264,2484
01,43336,2006
01,43384,415
01,43648,1045
01,43720,3152
01,43744,162
01,43816,446
01,43888,1233
01,44344,390
01,44536,78
01,44608,4623
01,44728,2688
01,44800,618
01,45472,197
01,45496,494
01,45640,29
01,45784,60854
01,45904,262
01,46072,844
01,46264,1567
01,46504,651
01,46696,6236
01,46768,2734
01,47728,312
01,48052,25
01,48064,325
01,48376,4960
01,48400,2296
01,48424,404
01,48712,17367
01,48808,973
01,48832,438
01,50000,182595
01,50192,5734
01,50312,7708
01,51000,195287
01,51096,13595
01,51264,48
01,51456,2249
01,51520,789
01,51600,3426
01,51648,3516
01,51696,21737
01,52608,1376
01,52776,766
01,52848,1343
01,53016,17210
01,53112,69
01,53256,415
01,53376,35
01,53400,185
01,53448,386
01,53472,71
01,53784,132
01,53856,1498
01,54168,2927
01,54432,768
01,54480,1645
01,54600,558
01,55044,490
01,55152,126
01,55200,31111
01,55440,875
01,55752,592
01,55848,13
01,55992,751
01,56400,5352
01,56472,1197
01,57000,6995
01,57024,175
01,57048,33572
01,57120,6757
01,57144,8534
01,57240,143
01,57504,2917
01,57576,22078
01,57648,14346
01,57696,179
01,58272,970
01,58848,25121
01,58896,13924
01,58968,325
01,59088,578
01,59328,64
01,59472,38441
01,59496,979
01,59592,544
01,59640,4705
01,59760,11117
01,59832,592
01,59880,130
01,60240,712
01,60372,267
01,60648,7753
01,60720,689
01,61008,9390
01,61038,431
01,61536,125
01,62075,924
01,62328,39318
01,62472,3800
01,62496,18816
01,62688,162
01,63216,1705
01,63288,10322
01,63336,5768
01,63408,431
01,63576,3184
01,63768,434
01,63984,607
01,64104,1461
01,64152,2013
01,64368,229
01,64656,83
01,64776,491
01,64920,2266
01,65016,164
01,65040,5387
01,65208,7421
01,65472,349
01,66216,1385
01,66408,380
01,67056,10722
01,67176,349
01,67536,704
01,67800,1860
01,67920,600
01,68016,264
01,68160,16435
01,68280,1787
01,68352,6849
01,68736,15863
01,69000,773
01,69120,16666
01,69240,5846
01,69648,9307
01,69840,328
01,70128,371
01,70416,365
01,70536,1923
01,70704,352
01,70896,851
01,71040,2133
01,71190,5477
01,71280,1042
01,71496,817
01,71832,9597
01,71900,609
01,71976,10923
01,72600,5233
01,72888,1000
01,73080,1973
01,73728,1832
01,73848,2528
01,73872,1576
01,74160,799
01,74304,219
01,74352,12216
01,74400,1809
01,74424,1604
01,74592,14768
01,74616,143
01,74688,4753
01,74976,5833
01,75096,2309
01,75936,318
01,75960,3583
01,76080,2148
01,76584,1063
01,76632,137
01,76680,592
01,76824,4456
01,76872,2567
01,76920,17836
01,76944,26770
01,77256,111338
01,77280,9169
01,77304,8765
01,77352,359
01,77616,167
01,77784,71
01,77880,3154
01,77904,1963
01,78204,10308
01,78232,3982
01,78240,590
01,78264,2263
01,78480,1849
01,78552,38020
01,78984,322
01,79008,2024
01,79272,218
01,79344,844
01,79488,256
01,79728,778
01,79944,3187
01,80064,183
01,80256,150
01,80352,3330
01,80376,1312
01,80496,747
01,80928,1189
01,81336,466
01,81504,1911
01,81528,640
01,81720,7218
01,81912,756
01,82848,1926
01,82872,593
01,82992,4869
01,83400,227
01,83640,1579
01,83664,751
01,83976,216
01,84096,2307
02,00065,154
02,00650,64
02,00870,448
02,01090,1586
02,01200,723
02,01420,199
02,01860,171
02,01970,254
02,02080,403
02,03000,286075
02,03220,173
02,03440,335
02,03550,494
02,03880,71
02,04210,54
02,04500,255
02,06520,6292
02,06630,24
02,08740,415
02,09600,511
02,12680,490
02,13230,908
02,13550,86
02,14330,99
02,15430,63
02,16360,125
02,16530,52
02,17410,2473
02,17740,1041
02,18510,170
02,18620,955
02,18950,2126
02,19060,80
02,20380,85
02,20970,25
02,21040,389
02,21150,34
02,21810,103
02,22250,360
02,22910,787
02,24230,31856
02,24660,401
02,26760,411
02,27530,457
02,27640,620
02,29180,166
02,29290,252
02,30060,200
02,30940,612
02,33030,170
02,33140,6040
02,33360,948
02,33470,1308
02,33800,2146
02,33910,82
02,34350,293
02,34460,375
02,36400,31555
02,36540,591
02,36770,537
02,36990,272
02,37430,157
02,37650,30
02,38420,7746
02,38970,8079
02,39300,422
02,39410,771
02,39960,416
02,40400,710
02,40840,174
02,40950,5354
02,41720,628
02,41830,2979
02,41940,297
02,42050,94
02,42160,19
02,42380,782
02,43040,33
02,45460,269
02,46010,287
02,46890,464
02,47000,471
02,47990,200
02,51180,594
02,52390,344
02,52720,494
02,53050,343
02,53270,150
02,53710,491
02,53930,293
02,54150,85
02,54920,3639
02,55030,118
02,55140,645
02,55910,2427
02,56320,490
02,56350,226
02,56600,209
02,56680,580
02,57340,207
02,58550,102
02,58660,6378
02,59650,92
02,60640,61
02,60750,592
02,61080,54
02,61630,781
02,62510,73
02,63390,91
02,63610,165
02,64600,750
02,65590,134
02,65700,404
02,65800,61
02,66140,577
02,66360,440
02,66470,399
02,67020,600
02,67460,804
02,67570,382
02,67680,578
02,68230,760
02,68340,248
02,68560,2735
02,68670,96
02,68890,207
02,69770,555
02,70100,254
02,70540,8282
02,71640,4577
02,72960,612
02,75160,235
02,75930,238
02,76260,111
02,77140,470
02,77690,778
02,78240,638
02,80660,741
02,80770,4214
02,81320,209
02,81920,4694
02,82200,3805
02,82750,591
02,82860,162
02,83080,9945
02,84000,86
02,84070,177
02,84510,263
02,86380,2064
04,02830,41153
04,04720,93545
04,05770,5337
04,06260,4994
04,07940,108909
04,08220,43302
04,09690,12489
04,10180,3642
04,10530,63743
04,11300,5152
04,12000,280167
04,12840,13815
04,13890,4904
04,14380,3780
04,14870,2734
04,15500,18293
04,16410,13124
04,19145,4540
04,20050,15638
04,20750,670
04,20960,4437
04,22220,35850
04,22360,18528
04,23620,76586
04,23760,24291
04,25300,23611
04,25720,1302
04,27050,1854
04,27400,275411
04,27820,253855
04,28030,7179
04,28380,111805
04,30270,5217
04,32020,516
04,33280,4833
04,34120,1600
04,36290,460
04,37200,1817
04,37620,35334
04,39370,59257
04,41330,6884
04,43990,1133
04,44270,58430
04,44410,71022
04,46000,511648
04,46350,1532
04,49640,19702
04,51600,48311
04,51810,7320
04,52930,12502
04,53070,3400
04,53490,789
04,53700,16731
04,54050,198750
04,55000,1650070
04,55560,3036
04,55980,4191
04,57380,47757
04,57450,50045
04,58010,2389
04,58150,76570
04,62000,10270
04,62140,36356
04,62350,3362
04,63470,37966
04,65000,244394
04,65350,9819
04,66470,12192
04,66820,44431
04,67800,6670
04,68080,14594
04,68850,4521
04,68990,1727
04,69480,2545
04,71300,2571
04,71510,158285
04,72420,4272
04,73000,189834
04,73420,5486
04,74190,7173
04,74400,1312
04,77000,547239
04,77490,583
04,81480,2572
04,82740,8123
04,83090,3202
04,83160,3463
04,83790,294
04,83930,8517
04,85400,6919
04,85540,100858
05,00250,147
05,00580,3740
05,00700,140
05,00940,90
05,00970,5997
05,01030,249
05,01060,385
05,01150,657
05,01210,675
05,01270,65
05,01360,676
05,01457,130
05,01540,114
05,01870,10255
05,01990,349
05,02380,4162
05,02470,1175
05,02590,2884
05,02680,99
05,02740,1892
05,02860,4027
05,03040,482
05,03280,2513
05,03430,81
05,03640,5215
05,03940,117
05,04030,11515
05,04090,644
05,04180,1821
05,04420,739
05,04540,67
05,04600,8871
05,04720,83
05,04840,32368
05,04900,426
05,04960,308
05,05260,136
05,05290,37558
05,05320,59471
05,05440,440
05,05560,5754
05,05920,358
05,05980,89
05,06040,308
05,06340,29
05,06610,226
05,06700,608
05,06730,94
05,07030,277
05,07150,44
05,07210,90
05,07270,113
05,07330,12594
05,07450,118
05,07540,608
05,07630,2780
05,07720,3820
05,08260,679
05,08290,394
05,08440,305
05,08665,247
05,08950,2574
05,09100,4556
05,09460,21877
05,09550,156
05,09790,1934
05,09880,134
05,10300,27190
05,10360,590
05,10450,429
05,10480,75
05,10570,1945
05,10600,410
05,10720,10165
05,10780,754
05,10900,227
05,11410,1097
05,11500,2014
05,11830,210
05,11890,127
05,11920,277
05,12190,156
05,12280,1994
05,12340,6081
05,12520,1438
05,12820,23953
05,13120,466
05,13300,2690
05,13450,4936
05,13540,567
05,13570,149
05,13750,242
05,13990,1462
05,14050,328
05,14140,9600
05,14260,2524
05,14500,811
05,14950,284
05,15100,193
05,15190,69580
05,15310,45
05,15460,3118
05,15490,944
05,15550,499
05,15700,326
05,15790,85
05,15940,450
05,16240,4578
05,16930,446
05,17140,85
05,17290,391
05,17320,1997
05,17380,4504
05,17410,64
05,17740,1727
05,18010,67
05,18100,286
05,18160,184
05,18370,205
05,18490,6019
05,18520,2497
05,18550,1845
05,18640,502
05,18790,2893
05,18850,822
05,18940,1220
05,18970,894
05,19450,276
05,19600,1351
05,19990,3662
05,20200,781
05,20230,322
05,20320,1768
05,20440,766
05,20830,239
05,20920,109
05,20950,456
05,21070,16869
05,21190,3889
05,21430,2847
05,21580,286
05,21610,401
05,21730,2441
05,21820,322
05,22120,241
05,22180,1601
05,22240,2190
05,22360,430
05,22450,104
05,22660,2165
05,23140,57
05,23170,9761
05,23290,101680
05,23320,85
05,23680,160
05,23800,173
05,24010,1331
05,24220,3225
05,24250,950
05,24430,12490
05,24550,89770
05,24640,813
05,24670,106
05,24700,474
05,24760,57
05,25030,198
05,25060,297
05,25180,159
05,25360,111
05,25750,610
05,25780,196
05,25900,214
05,26050,2223
05,26110,444
05,26290,4449
05,26440,84
05,26800,25
05,26980,599
05,27010,158
05,27040,173
05,27310,2070
05,27670,2299
05,27700,2733
05,27730,632
05,27790,293
05,27970,499
05,28360,3750
05,28510,6170
05,28600,3160
05,28660,1220
05,28720,171
05,28780,9671
05,28810,842
05,28990,156
05,29020,304
05,29080,72
05,29140,91
05,29200,1836
05,29230,744
05,29290,845
05,29500,2413
05,29650,1145
05,29920,764
05,30310,204
05,30400,2209
05,30460,13409
05,30490,497
05,30520,516
05,30640,4138
05,30700,343
05,30790,237
05,30880,113
05,30940,1423
05,31090,7239
05,31150,419
05,31190,8670
05,31540,506
05,31900,229
05,32080,118
05,32140,851
05,32200,2417
05,32257,1041
05,32470,94
05,32650,2415
05,32710,595
05,32800,443
05,33190,8558
05,33310,897
05,33370,2543
05,33375,255
05,33400,37994
05,33490,148
05,33580,2609
05,33760,992
05,33820,213
05,33850,445
05,33910,103
05,33940,489
05,33970,3378
05,34090,431
05,34150,641
05,34720,148
05,34750,29094
05,34900,521
05,35040,117
05,35140,99
05,35500,3672
05,35650,473
05,35710,80650
05,36040,1881
05,36130,480
05,36310,719
05,36430,1404
05,36550,203
05,36670,1034
05,36880,336
05,37240,144
05,37300,662
05,37660,417
05,37720,46
05,37780,2628
05,38050,786
05,38110,296
05,38170,1912
05,38290,1755
05,38890,2514
05,39010,1924
05,39040,284
05,39310,465
05,39370,1660
05,39460,374
05,39520,237
05,39640,876
05,39670,187
05,39970,2355
05,40120,3037
05,41000,203842
05,41090,594
05,41270,1036
05,41420,4277
05,41450,107
05,41630,146
05,41720,11466
05,42170,882
05,42260,254
05,42410,56
05,42500,1499
05,42560,130
05,42770,3555
05,43070,29
05,43100,373
05,43220,611
05,43280,717
05,43310,744
05,43370,225
05,43460,10769
05,43610,11080
05,43670,942
05,43820,3714
05,43880,1052
05,44120,3314
05,44150,100
05,44180,13654
05,44210,2202
05,44240,1238
05,44300,1315
05,44420,755
05,44600,19452
05,44750,2326
05,44780,376
05,45080,1883
05,45170,5618
05,45200,295
05,45500,225
05,45560,371
05,46040,1060
05,46100,89
05,46190,272
05,46400,1603
05,46580,8175
05,46670,232
05,46730,120
05,46910,168
05,46970,7083
05,47030,78
05,47300,529
05,47390,13278
05,47450,573
05,47540,2931
05,47690,1005
05,47900,368
05,48020,146
05,48200,1616
05,48290,1498
05,48560,4043
05,49010,1178
05,49580,8089
05,49820,64
05,50000,474
05,50030,309
05,50060,727
05,50450,64531
05,50810,387
05,51060,1149
05,51080,66
05,51290,185
05,51350,126
05,51410,223
05,51500,196
05,51530,98
05,51560,920
05,52160,128
05,52430,747
05,52580,6610
05,52880,601
05,52940,49
05,52970,3590
05,53150,480
05,53240,498
05,53390,30520
05,53480,3302
05,53510,170
05,53600,784
05,53900,55
05,53990,294
05,54140,104
05,54200,8680
05,54620,258
05,54650,266
05,54680,225
05,54710,1401
05,55130,3538
05,55280,101
05,55310,39123
05,55580,158
05,55970,460
05,56270,350
05,56480,740
05,56540,7601
05,56600,189
05,56720,420
05,56750,311
05,56990,3285
05,57050,101
05,57080,265
05,57170,8186
05,57230,295
05,57260,3011
05,57890,191
05,57950,700
05,58160,166
05,58250,423
05,58280,120
05,58490,1824
05,58580,1490
05,58880,118
05,59180,395
05,59480,939
05,60020,680
05,60380,67
05,60410,74035
05,60590,152
05,60770,497
05,61040,269
05,61460,130
05,61640,183
05,61670,29338
05,61940,194
05,61970,209
05,62030,129
05,62060,124
05,62150,1609
05,62240,512
05,62960,249
05,63020,23813
05,63110,159
05,63470,4685
05,63710,5202
05,63740,52
05,63800,33118
05,63980,249
05,64280,197
05,64370,19336
05,64730,1581
05,64910,85
05,65480,86
05,65630,4271
05,65900,339
05,66080,88224
05,66200,90
05,66320,1219
05,66440,2092
05,66860,746
05,67250,263
05,67370,400
05,67490,7788
05,67520,408
05,67550,95
05,67730,615
05,67760,468
05,67940,535
05,68060,169
05,68360,720
05,68660,562
05,68810,29223
05,69050,329
05,69230,161
05,69350,51
05,69500,187
05,69740,7364
05,69830,511
05,70010,7400
05,70100,1683
05,70220,490
05,70340,71
05,70430,500
05,70540,317
05,70700,684
05,70760,178
05,71390,190
05,71480,24138
05,71510,113
05,71900,18
05,71960,4568
05,72140,371
05,72230,174
05,72320,53
05,72350,1119
05,72380,3361
05,72890,5532
05,73130,6840
05,73310,5211
05,73370,90
05,73550,169
05,73940,621
05,74000,58
05,74330,349
05,74360,2353
05,74540,23825
05,74660,171
05,74840,267
05,74930,44
05,75170,5437
05,75500,653
05,75560,203
05,75570,47
05,75740,83
05,75770,146
05,75860,383
05,75890,395
05,75920,719
05,75980,287
05,76010,135
05,76190,363
05,76250,113
05,76820,1058
05,76970,1602
05,77090,8011
05,77330,1164
05,77600,99
06,00296,38187
06,00394,19474
06,00562,75353
06,00674,19097
06,00884,79776
06,00947,50263
06,01444,2657
06,01514,204
06,01640,21347
06,02000,340512
06,02042,11210
06,02112,3752
06,02252,117096
06,02364,75036
06,02462,54157
06,02476,19012
06,02868,18243
06,02896,15597
06,02924,19364
06,03064,29700
06,03092,6823
06,03162,32052
06,03204,13658
06,03274,3261
06,03302,14075
06,03386,48272
06,03526,413381
06,03666,68806
06,03820,31680
06,04030,24964
06,04758,58463
06,04870,31864
06,04982,75122
06,04996,37467
06,05108,26622
06,05164,2050
06,05290,26429
06,06000,118962
06,06308,30974
06,06434,5007
06,06560,1921
06,06798,3742
06,07162,1172
06,07218,18045
06,07946,892
06,08058,27849
06,08100,48479
06,08142,65126
06,08310,4577
06,08758,4990
06,08786,81958
06,08954,102755
06,09066,29910
06,09598,22227
06,09710,38224
06,09780,13802
06,09864,11165
06,09878,6188
06,09892,5058
06,10046,69514
06,10345,41700
06,10928,11096
06,11040,9572
06,11194,113495
06,11250,3104
06,11446,12828
06,11530,91139
06,12048,52356
06,12524,48397
06,12552,46797
06,13014,101301
06,13210,93114
06,13214,77212
06,13294,19328
06,13392,274333
06,13588,86239
06,13756,35640
06,13882,10754
06,13945,16481
06,14190,8825
06,14218,125826
06,14260,43590
06,14274,17369
06,14498,2050
06,14736,1407
06,14890,53357
06,14946,6527
06,14974,11672
06,15044,90986
06,16000,122315
06,16224,22044
06,16322,8069
06,16350,160238
06,16378,18437
06,16462,9947
06,16532,108354
06,16560,7430
06,16742,48728
06,17022,5611
06,17498,21723
06,17568,39041
06,17610,57285
06,17750,48782
06,17918,99833
06,17946,32567
06,17988,42999
06,18100,65832
06,18394,51500
06,18506,3867
06,18688,1550
06,18996,33438
06,19192,52041
06,19318,25863
06,19402,19309
06,19584,832
06,19612,5708
06,19766,108816
06,19990,23131
06,20018,69128
06,20242,1642
06,20956,28216
06,21230,70510
06,21712,102991
06,21782,43772
06,21796,25552
06,22020,178444
06,22230,103794
06,22300,31134
06,22412,16445
06,22594,12732
06,22678,60841
06,22790,7355
06,22804,148122
06,22972,653
06,23042,25734
06,23126,10206
06,23168,7417
06,23182,120768
06,23616,10243
06,23910,1389
06,24092,17190
06,24134,8547
06,24638,84782
06,24680,215465
06,25058,6919
06,25128,673
06,25296,12285
06,25338,32180
06,25380,55468
06,25436,7274
06,26000,226208
06,27000,545716
06,28000,139250
06,28112,25767
06,28168,58377
06,29000,168234
06,29504,58250
06,30000,187050
06,30014,49934
06,30378,32665
06,30392,8327
06,30658,12939
06,30798,14074
06,30994,20634
06,31260,7269
06,31393,12547
06,31414,8622
06,31568,6099
06,31708,11105
06,31960,59938
06,32506,13396
06,32548,83364
06,33000,155675
06,33056,11137
06,33182,92368
06,33308,26582
06,33364,18641
06,33434,100633
06,33518,1685
06,33588,56202
06,33798,10883
06,34120,44658
06,34246,5555
06,34904,7683
06,36000,192129
06,36056,51942
06,36084,6377
06,36280,21591
06,36294,25458
06,36434,4862
06,36448,93057
06,36490,257
06,36546,102865
06,36672,5431
06,36770,314621
06,36826,1426
06,36882,777
06,36980,5132
06,37692,107321
06,38226,17238
06,38520,13917
06,38562,13013
06,39003,19538
06,39122,25048
06,39178,22332
06,39220,30243
06,39248,62899
06,39259,16998
06,39290,60991
06,39304,5368
06,39486,73028
06,39496,85840
06,39710,5135
06,39892,78135
06,40004,60537
06,40032,45505
06,40130,166236
06,40256,15029
06,40340,36516
06,40354,39081
06,40438,12589
06,40704,39857
06,40830,29898
06,40886,30155
06,41124,27569
06,41152,26809
06,41474,54538
06,41712,12496
06,41936,9443
06,41992,82908
06,42006,14643
06,42202,67679
06,42370,25111
06,42468,19782
06,42524,43045
06,43000,449468
06,43140,6779
06,43224,11901
06,43280,29990
06,43294,8189
06,44000,3820914
06,44028,48553
06,44112,32216
06,44364,728
06,44574,63234
06,44826,14049
06,45022,68079
06,45246,10277
06,45358,7187
06,45400,33369
06,45484,91059
06,45736,1009
06,45778,22833
06,46114,36395
06,46170,12674
06,46492,23824
06,46828,12530
06,46842,113433
06,46870,31690
06,46898,93692
06,47486,22087
06,47710,13792
06,47766,77321
06,48256,90624
06,48354,218915
06,48648,36768
06,48690,1182
06,48788,37545
06,48816,60015
06,48872,29116
06,48914,57877
06,48956,3459
06,49138,35543
06,49187,16547
06,49270,212392
06,49278,44478
06,49362,10589
06,49670,81785
06,49852,3179
06,50076,111878
06,50258,77492
06,50398,55236
06,50734,4824
06,50874,3224
06,50916,46929
06,51140,12207
06,51182,82637
06,51560,25398
06,52526,98078
06,52582,51722
06,52694,23045
06,53000,436504
06,53070,45761
06,53322,170020
06,53476,7466
06,53896,182457
06,53980,138337
06,54008,9497
06,54232,19364
06,54274,8132
06,54386,19449
06,54652,198488
06,54806,36426
06,54848,14757
06,55156,161404
06,55184,51951
06,55254,45218
06,55282,65882
06,55380,12646
06,55520,8285
06,55618,51072
06,55856,14426
06,56000,133560
06,56112,25063
06,56700,80603
06,56784,58800
06,56924,59189
06,56938,10635
06,57288,18481
06,57414,7948
06,57456,75803
06,57526,52192
06,57540,10656
06,57764,33802
06,57792,74653
06,57834,1131
06,57876,451
06,58072,145502
06,58240,62876
06,58296,21217
06,58352,2124
06,58380,4204
06,58520,48051
06,59444,82605
06,59451,174405
06,59500,17795
06,59514,39980
06,59587,46182
06,59892,14413
06,59920,92727
06,59962,72556
06,60018,67749
06,60102,80996
06,60242,25958
06,60466,103391
06,60620,114106
06,60704,28088
06,60900,3308
06,60984,10145
06,61026,16068
06,61068,25001
06,62000,318858
06,62364,73472
06,62546,44546
06,62602,1644
06,62644,8033
06,62896,49305
06,62938,159135
06,62980,2290
06,64000,526384
06,64140,5272
06,64224,159506
06,64434,12498
06,65000,223728
06,65028,41327
06,65042,109058
06,65070,28862
06,65084,62313
06,65112,328
06,66000,1388320
06,66070,33105
06,66140,23364
06,67000,808988
06,67042,37732
06,67056,26343
06,67112,55440
06,67126,3679
06,68000,969655
06,68014,2106
06,68028,34754
06,68084,85784
06,68154,49244
06,68196,94188
06,68224,11977
06,68252,101327
06,68294,31249
06,68364,59555
06,68378,84929
06,69000,310539
06,69070,86499
06,69084,131062
06,69088,224028
06,69112,61501
06,69154,20174
06,69196,109987
06,70000,89922
06,70042,31792
06,70098,175845
06,70224,59478
06,70280,29607
06,70364,7021
06,70588,11879
06,70686,24352
06,70742,31317
06,70770,7380
06,70882,24467
06,71106,21915
06,71225,10262
06,71806,10713
06,71876,11249
06,72016,125113
06,72506,12675
06,72520,23947
06,72576,5970
06,72646,10619
06,72674,4917
06,72996,19032
06,73080,90070
06,73108,21079
06,73220,25623
06,73262,63123
06,73962,38815
06,75000,319543
06,75630,28743
06,77000,151967
06,77364,12689
06,77392,2718
06,77574,6961
06,78092,10881
06,78106,424
06,78120,110682
06,78148,34854
06,78582,123463
06,78666,8846
06,80000,139224
06,80238,98010
06,80448,325
06,80588,17039
06,80644,71092
06,80686,867
06,80812,72100
06,80854,77704
06,80994,28734
06,81134,16072
06,81204,65414
06,81344,78699
06,81554,102526
06,81666,122807
06,82422,209
06,82590,138869
06,82744,5664
06,82954,144998
06,82996,98344
06,83332,27104
06,83346,69152
06,83542,26917
06,83612,9323
06,83668,50867
06,83850,2574
06,84200,105617
06,84410,34349
06,84438,7573
06,84550,88729
06,84606,1981
06,84816,55842
06,85012,4022
06,85292,84143
06,85446,37087
06,85586,5617
06,85600,4843
06,85684,6160
06,85922,25828
06,86034,7694
06,86300,7846
06,86328,61123
06,86440,5037
06,86832,66147
06,86930,3356
06,86944,7808
06,86972,68666
06,87042,53947
06,87056,21664
08,00760,449
08,00925,1772
08,01090,9883
08,01530,312
08,02355,622
08,03235,201
08,03455,121414
08,03620,6612
08,03950,2666
08,04000,395052
08,04110,5954
08,04935,4005
08,05265,2872
08,06090,3549
08,06255,13238
08,06530,181
08,07025,128
08,07190,336
08,07410,852
08,07795,309
08,07850,105898
08,08070,823
08,08345,57
08,08400,4940
08,08675,42477
08,09115,243
08,09280,76860
08,09555,5268
08,10105,3080
08,10600,3128
08,11260,726
08,11645,97
08,11810,17241
08,12030,0
08,12045,6708
08,12387,14747
08,12415,81415
08,12635,2410
08,12815,106883
08,12855,1924
08,12900,778
08,13460,233
08,13845,6273
08,14175,722
08,14765,278
08,15330,367
08,15550,127
08,15605,366
08,16000,488664
08,16385,1677
08,16495,68245
08,17375,9033
08,17760,9049
08,17925,407
08,18310,1658
08,18420,139
08,18530,1117
08,18640,125
08,18750,159
08,19080,6595
08,19355,477
08,19630,1513
08,19795,1413
08,19850,9599
08,20000,716577
08,20440,1016
08,20495,246
08,20770,923
08,21265,684
08,22035,19534
08,22145,636
08,22200,7391
08,22860,5832
08,23025,230
08,23135,4882
08,23740,2477
08,24620,327
08,24785,34275
08,24950,35269
08,25115,5824
08,25280,22326
08,25610,738
08,26270,13943
08,26600,18589
08,26765,573
08,26875,422
08,27040,3862
08,27425,170376
08,27700,9447
08,27810,11564
08,27865,28489
08,27975,1211
08,28105,735
08,28305,1456
08,28360,17676
08,28690,2763
08,28745,13816
08,29185,250
08,29680,153
08,29735,1257
08,29955,1020
08,30340,4447
08,30780,10250
08,30835,20242
08,31550,438
08,31605,2256
08,31660,69412
08,31715,405
08,32155,112609
08,32650,609
08,33035,15205
08,33310,153
08,33640,6815
08,33695,8833
08,34520,54
08,34740,70
08,34960,969
08,35070,1919
08,36610,309
08,37215,822
08,37270,2295
08,37380,79
08,37545,929
08,37600,662
08,37820,1617
08,37875,774
08,38370,1708
08,38535,845
08,38590,241
08,39195,245
08,39855,19511
08,39965,1238
08,40185,2050
08,40515,1491
08,40570,63
08,40790,740
08,41010,250
08,41560,1445
08,41835,30439
08,42055,716
08,42110,7033
08,42330,425
08,42495,16
08,43000,155961
08,43110,7525
08,43550,219
08,43605,2301
08,43660,2374
08,44100,878
08,44320,2628
08,44980,2002
08,45255,44451
08,45530,8336
08,45695,902
08,45955,14063
08,45970,98630
08,46355,20390
08,46465,79352
08,47070,2151
08,48060,961
08,48115,1248
08,48445,4622
08,48500,330
08,48555,132
08,49600,6450
08,49875,2368
08,50040,282
08,50480,9084
08,50920,967
08,51250,107
08,51635,4070
08,51690,72
08,51745,21333
08,51800,12088
08,52075,388
08,52350,519
08,52550,1230
08,52570,961
08,53120,474
08,53175,1488
08,53395,4866
08,54330,38164
08,54880,529
08,54935,583
08,55045,531
08,55155,858
08,55540,1962
08,55705,294
08,55870,190
08,55980,3251
08,56145,1074
08,56365,521
08,56420,920
08,56475,265
08,56860,1773
08,56970,2602
08,57025,2587
08,57245,48
08,57300,1459
08,57400,1365
08,57630,62743
08,58235,205
08,59005,1080
08,59830,75
08,60160,2898
08,60600,1287
08,61315,108
08,62000,111077
08,62660,106
08,62880,2286
08,63045,111
08,63265,243
08,64090,332
08,64200,1247
08,64255,10563
08,64970,533
08,65190,3819
08,65740,307
08,66895,203
08,67005,533
08,67280,5900
08,67830,892
08,68105,622
08,68655,35
08,68930,167
08,69040,176
08,69150,10820
08,69645,5908
08,69700,54
08,70195,3697
08,70250,707
08,70360,194
08,70525,4940
08,70580,713
08,70635,620
08,71755,3011
08,72395,507
08,73330,1290
08,73715,65
08,73825,13508
08,73935,12954
08,74485,646
08,74815,245
08,75640,13361
08,75970,589
08,76795,2525
08,77290,144922
08,77510,9991
08,78610,8216
08,79270,32
08,80040,4521
08,80865,364
08,81030,94
08,81690,90
08,82130,572
08,82350,3085
08,82460,512
08,82735,126
08,83230,12078
08,83450,495
08,83835,114875
08,84440,31804
08,84770,1796
08,85045,432
08,85155,765
08,85485,40349
08,85705,1149
08,86090,7873
08,86310,2315
08,86475,394
08,86750,3401
09,01150,19008
09,02690,763
09,08000,148028
09,08420,61601
09,18430,86124
09,18780,4219
09,19480,12406
09,27810,43
09,34180,9302
09,34460,517
09,37000,119669
09,39940,3451
09,43300,1210
09,46450,60111
09,47290,47984
09,47515,50421
09,49880,31820
09,50370,74080
09,52000,135319
09,52280,27560
09,52910,1953
09,55990,92458
09,56200,39881
09,68100,42144
09,73000,136226
09,73700,994
09,76500,35550
09,80000,114990
09,82800,54790
09,88050,2372
10,01400,433
10,01530,229
10,01660,254
10,04650,1233
10,05690,1059
10,05820,259
10,06730,1295
10,07250,285
10,08680,2829
10,10760,4188
10,14660,2257
10,15440,4399
10,18950,961
10,19730,1905
10,20380,2216
10,20900,393
10,21200,39894
10,24020,541
10,24540,6157
10,25840,99
10,26620,1356
10,26880,376
10,28310,878
10,28440,1116
10,29090,7873
10,31560,1089
10,33120,3860
10,33250,77
10,33900,152
10,36760,398
10,39100,226
10,41310,4275
10,41700,185
10,41830,3604
10,42870,200
10,44430,285
10,47030,25022
10,47420,13289
10,47940,7637
10,48200,2049
10,48330,3675
10,50670,30169
10,50800,5549
10,51190,896
10,53920,2937
10,54050,364
10,60290,1220
10,64320,8735
10,64840,3184
10,67050,241
10,67310,13277
10,67700,504
10,72510,2832
10,74330,147
10,77580,71675
10,80830,195
10,81350,1868
11,50000,678972
12,00375,10770
12,00625,518
12,00950,45257
12,01000,495
12,01475,1008
12,01625,2412
12,01700,59113
12,01750,7846
12,01775,1154
12,02250,2053
12,02400,13182
12,02500,2107
12,02550,20011
12,02681,38741
12,02750,10219
12,03250,1366
12,03275,2967
12,03675,20584
12,03725,90
12,03975,5679
12,04150,23
12,04975,558
12,05075,4495
12,05100,1617
12,05125,2286
12,05150,75
12,05200,16840
12,05300,7171
12,05375,5770
12,06100,516
12,06600,2993
12,06925,2270
12,07300,99974
12,07450,2825
12,07525,56229
12,07775,2449
12,07875,81267
12,07950,57076
12,07975,916
12,08175,756
12,08575,517
12,08600,924
12,08700,1235
12,08725,336
12,08800,9789
12,09550,3879
12,09625,3196
12,09700,1798
12,09725,13661
12,09900,198
12,10250,10014
12,10275,224455
12,10725,2382
12,10975,315
12,11050,30595
12,11225,732
12,11325,1002
12,11362,1758
12,11800,2984
12,11925,2420
12,11975,3718
12,12325,469
12,12875,116850
12,12925,48621
12,13000,7238
12,13050,140
12,13150,19930
12,13175,11389
12,13275,57694
12,13400,771
12,14125,34321
12,14250,48353
12,14400,134906
12,14850,868
12,15375,1696
12,15475,29300
12,15575,1790
12,15775,3514
12,15968,43762
12,16125,8646
12,16335,31915
12,16450,15068
12,16475,107799
12,16525,82485
12,16550,5194
12,16675,23209
12,16725,87325
12,16800,6764
12,16875,43009
12,17100,67536
12,17200,98739
12,17325,14188
12,17935,79359
12,18550,6043
12,18575,35930
12,18675,1990
12,18875,4169
12,19650,2284
12,19725,244
12,19825,23636
12,19900,2737
12,20650,1897
12,21150,37908
12,21250,351
12,21350,24457
12,21425,384
12,21850,1307
12,22100,4982
12,22175,13647
12,22550,5541
12,22975,12582
12,24000,184255
12,24100,5270
12,24125,97372
12,24150,5251
12,24300,49374
12,24475,20925
12,24500,648
12,24825,6778
12,24900,3393
12,24975,8765
12,25175,145812
12,26050,214
12,26075,485
12,26250,972
12,26550,265
12,27000,2208
12,27175,912
12,27256,5045
12,27322,44103
12,27400,10130
12,27550,459
12,27575,778
12,27600,553
12,27650,1352
12,27800,23628
12,28000,6823
12,28175,11655
12,28275,968
12,28400,37272
12,28452,41547
12,28575,488
12,29150,1740
12,29200,2175
12,29275,1503
12,30000,221300
12,30025,22286
12,30200,4266
12,30325,278
12,30525,6648
12,30700,274
12,30750,3055
12,30850,1975
12,31350,13075
12,32000,153859
12,32150,3027
12,32275,81659
12,32650,174
12,32775,1674
12,33150,2823
12,33375,3114
12,33425,82
12,33450,9019
12,33600,4458
12,33625,3640
12,33675,1192
12,33700,6755
12,33800,1599
12,33900,1482
12,33950,7857
12,34132,7055
12,35000,985843
12,35050,23447
12,35200,225
12,35375,2762
12,35425,572
12,35525,769
12,35850,3863
12,35875,61291
12,35900,426
12,35925,828
12,36175,4975
12,36300,14414
12,36325,756
12,36475,1536
12,36550,25103
12,36950,81269
12,37225,5222
12,37300,320
12,37375,16967
12,37525,7355
12,37625,25
12,37650,2015
12,37775,12602
12,37800,3542
12,37975,1643
12,38025,2964
12,38250,122264
12,38425,16709
12,38600,8984
12,38625,2514
12,38950,16681
12,39081,43346
12,39375,12086
12,39425,82248
12,39475,6154
12,39525,36035
12,39550,73974
12,39650,608
12,39700,670
12,39725,202
12,39750,31
12,39850,384
12,39875,31721
12,40450,10501
12,40875,7093
12,41150,7488
12,41250,16794
12,41577,3452
12,41825,20501
12,41950,8027
12,42150,508
12,42400,3999
12,42425,3003
12,42575,19215
12,42625,3120
12,42650,1567
12,42700,429
12,42900,2586
12,43000,9849
12,43083,16210
12,43125,58593
12,43175,7294
12,43250,9
12,43375,4084
12,43425,8536
12,43575,1115
12,43900,1036
12,43975,86960
12,44000,3261
12,44075,684
12,44300,1122
12,45000,455924
12,45025,79607
12,45060,110717
12,45100,31238
12,45175,11530
12,45200,13325
12,45225,652
12,45425,3478
12,45750,10957
12,45900,18001
12,45975,138319
12,46500,2714
12,46525,1763
12,46550,1664
12,47050,17756
12,47200,4346
12,47625,19704
12,48100,6984
12,48200,8010
12,48500,17708
12,48625,32655
12,48750,16490
12,48900,215
12,49225,7930
12,49425,44784
12,49450,59008
12,49475,42789
12,49600,13095
12,49675,88934
12,49725,1469
12,50450,2128
12,50525,3635
12,50575,44105
12,50750,68426
12,50875,402
12,50950,1841
12,51075,49261
12,51200,5602
12,51350,14831
12,51650,15794
12,51825,14928
12,52125,9064
12,52175,547
12,53000,320742
12,53150,44277
12,53500,111
12,53575,41231
12,53800,5553
12,53875,10730
12,54000,135566
12,54025,9258
12,54075,61146
12,54150,1327
12,54200,102113
12,54250,13577
12,54275,24264
12,54425,1209
12,54450,27132
12,54700,35660
12,54725,19393
12,55075,4631
12,55125,37911
12,55475,643
12,55750,6300
12,55775,171119
12,55875,838
12,55925,53724
12,56150,7281
12,56425,1558
12,56625,18051
12,56975,53456
12,57425,96548
12,57550,40571
12,57950,3028
12,58025,812
12,58050,113619
12,58175,518
12,58200,3450
12,58575,65966
12,58600,3485
12,58675,3775
12,58715,245021
12,59200,20227
12,59325,7913
12,59400,225
12,59675,496
12,59725,1373
12,59750,2164
12,60975,38663
12,61500,29452
12,62100,39489
12,62425,16955
12,62500,15596
12,62525,6779
12,62625,66448
12,62775,2628
12,62800,605
12,62825,305
12,62885,8732
12,63000,263553
12,63375,1488
12,63650,65394
12,63700,6328
12,64175,57602
12,64400,11343
12,64725,552
12,64825,26846
12,64875,11563
12,64975,19252
12,65225,2064
12,65425,760
12,66725,1756
12,66925,466
12,67175,4861
12,67325,13781
12,67550,12073
12,67650,1458
12,67675,5288
12,68135,7566
12,68275,8255
12,68525,5937
12,68875,19430
12,69555,21885
12,69700,96808
12,70075,5472
12,70345,20352
12,70600,202221
12,70675,72372
12,71000,403364
12,71150,25872
12,71225,21061
12,71400,26972
12,71525,6134
12,71900,49680
12,72325,6522
12,72350,2192
12,73025,3889
12,73675,5029
12,73900,28150
12,74125,745
12,74150,17317
12,74575,2260
12,74925,818
12,75375,4943
12,75450,386
12,75600,931
12,75750,743
12,75812,61634
12,76417,5999
12,76500,29144
12,76525,6944
12,76582,68181
12,76600,124130
12,76658,15109
12,76975,270
12,77100,2179
12,77400,760
12,77675,18636
12,77825,3201
12,78000,11403
12,78050,3092
12,78250,47294
12,78275,57109
12,78300,29894
12,78325,38941
12,78775,389
12,78925,628
12,79225,20883
12,79250,1735
13,00184,2844
13,00408,22379
13,00436,5052
13,00576,5700
13,00660,565
13,00828,528
13,00996,2811
13,01024,490
13,01052,66877
13,01248,185
13,01472,856
13,01500,192
13,01612,3472
13,01696,67056
13,01808,177
13,01948,996
13,02060,335
13,02116,15703
13,02256,234
13,02564,453
13,02592,1502
13,02648,1980
13,02844,189
13,02928,1149
13,03124,458
13,03236,4196
13,03440,128628
13,04000,510823
13,04084,447
13,04140,9688
13,04204,200884
13,04252,8148
13,04392,238
13,04448,215
13,04644,3524
13,04840,850
13,04896,14423
13,04980,4003
13,05036,3039
13,05344,6329
13,05680,179
13,05708,353
13,06016,4945
13,06688,123
13,07248,2029
13,07304,517
13,07612,777
13,07640,453
13,08200,344
13,08284,3646
13,08480,785
13,08536,5218
13,08844,3129
13,08928,1233
13,08956,114
13,09040,770
13,09068,1350
13,09460,1216
13,09488,394
13,09544,2211
13,09656,467
13,09712,873
13,10076,15538
13,10104,369
13,10132,7712
13,10608,214
13,10860,315
13,10944,57945
13,11000,2063
13,11056,575
13,11504,1075
13,11560,15404
13,11616,958
13,11672,206
13,11728,1539
13,11784,18273
13,12120,1832
13,12232,335
13,12260,6132
13,12344,419
13,12400,10007
13,12456,18900
13,12512,128
13,12624,5089
13,12932,690
13,12988,36857
13,13184,227
13,13212,287
13,13352,718
13,13492,27793
13,13688,24937
13,14108,1204
13,14192,283
13,14500,10300
13,14920,8470
13,15026,365
13,15172,31841
13,15508,4883
13,15552,3361
13,15648,287
13,15900,1477
13,15984,3057
13,16460,2135
13,16544,14396
13,16600,2474
13,16656,2063
13,16796,1126
13,16824,3539
13,16908,270
13,17272,342
13,17328,4749
13,17496,809
13,17552,667
13,17776,13867
13,17832,540
13,18000,1894
13,19000,201877
13,19084,1599
13,19112,8287
13,19168,407
13,19336,19505
13,19392,529
13,19616,9868
13,19728,5309
13,20064,14677
13,20288,880
13,20316,491
13,20848,219
13,20932,9471
13,21017,8661
13,21072,2915
13,21184,7650
13,21240,7585
13,21268,158
13,21324,14985
13,21380,34508
13,21436,203
13,21632,834
13,21688,160
13,21716,1678
13,21744,926
13,21800,1939
13,21912,4200
13,21940,4627
13,22024,536
13,22052,24307
13,22108,113
13,22304,2046
13,22388,188
13,22472,120
13,22752,663
13,22976,334
13,23284,718
13,23368,2826
13,23480,64
13,23536,10780
13,23872,11769
13,23900,39049
13,24376,16008
13,24488,595
13,24600,32350
13,24768,51713
13,24796,128
13,25300,2499
13,25356,1394
13,25552,5568
13,25720,38115
13,26084,6579
13,26156,3709
13,26224,20
13,26448,1177
13,26616,4778
13,26980,1541
13,27008,213
13,27092,1938
13,27344,1437
13,27596,1098
13,27708,494
13,27932,846
13,27988,4168
13,28380,16661
13,28492,765
13,28744,258
13,28968,20083
13,29528,8942
13,30088,864
13,30312,683
13,30340,11607
13,30424,4684
13,30536,19368
13,30732,4901
13,30816,982
13,30956,10598
13,31096,8868
13,31292,965
13,31320,1167
13,31684,411
13,31908,47265
13,32048,10373
13,32188,250
13,32384,116
13,32412,75
13,32528,2280
13,32748,630
13,32860,314
13,32916,182
13,33336,5245
13,33392,819
13,33896,386
13,33980,1742
13,34260,264
13,34428,3278
13,34512,3513
13,34596,4975
13,34876,3605
13,35016,799
13,35324,24044
13,35716,17580
13,35800,254
13,35884,2925
13,36024,939
13,36052,3459
13,36220,1763
13,36276,9162
13,36472,6691
13,36528,199
13,36696,3992
13,36920,322
13,37144,4638
13,37396,4100
13,37564,4071
13,37788,600
13,38040,3815
13,38124,1002
13,38348,316
13,38920,314
13,38964,36181
13,39076,5353
13,39216,489
13,39244,3234
13,39524,19540
13,39692,899
13,39720,1647
13,39748,2327
13,40056,5388
13,40532,236
13,40812,399
13,40840,378
13,41344,306
13,41400,519
13,41540,1026
13,41596,5854
13,41708,106
13,41792,128
13,41932,4970
13,41988,15756
13,42100,925
13,42156,417
13,42184,151
13,42268,10065
13,42425,81108
13,42604,6140
13,42800,137
13,43192,34683
13,43360,307
13,43640,20343
13,43668,902
13,43892,158
13,44312,7044
13,44340,32343
13,44508,2896
13,44592,3008
13,44704,1485
13,45460,2167
13,45488,31015
13,45600,503
13,45768,3553
13,45936,737
13,46020,337
13,46188,213
13,46356,15862
13,46384,128
13,46552,1419
13,46860,2583
13,47140,11199
13,47196,16516
13,47252,115
13,47336,1671
13,47560,2289
13,47616,12080
13,47784,1846
13,47896,2993
13,47952,954
13,47980,919
13,48008,814
13,48092,463
13,48232,4195
13,48428,1169
13,48624,32138
13,48848,565
13,49008,156512
13,49100,4759
13,49196,4964
13,49504,62
13,49532,3528
13,49616,469
13,49756,62769
13,49924,987
13,50008,344
13,50260,216
13,50484,2167
13,50596,284
13,50680,928
13,50848,482
13,51072,3986
13,51240,381
13,51352,2253
13,51408,606
13,51492,16486
13,51520,2960
13,51604,814
13,51670,41383
13,51968,158
13,52108,421
13,52192,15929
13,52304,2898
13,52416,2833
13,52500,206
13,52668,382
13,52696,1800
13,52724,297
13,53004,6395
13,53032,514
13,53060,14565
13,53116,939
13,53172,572
13,53284,1472
13,53508,1975
13,53620,2022
13,54124,1028
13,54264,4945
13,54572,1168
13,54656,731
13,54992,295
13,55020,44940
13,55244,569
13,55440,2896
13,55468,1878
13,55776,18043
13,55860,975
13,56308,546
13,56560,190
13,56644,132
13,57232,510
13,57260,6412
13,57372,673
13,57428,2949
13,57456,184
13,57540,484
13,57568,460
13,57736,953
13,58100,218
13,58184,1320
13,58296,233
13,58744,2294
13,58884,5021
13,59416,106
13,59500,773
13,59556,607
13,59724,40193
13,59735,42136
13,59808,1825
13,59976,3432
13,60004,2839
13,60032,1805
13,60340,24029
13,60984,300
13,61040,749
13,61124,1281
13,61320,453
13,61544,243
13,61628,552
13,61684,353
13,62104,29544
13,62216,677
13,62244,1884
13,62328,14468
13,62496,726
13,62524,18950
13,63000,208
13,63224,4036
13,63560,107
13,63728,1020
13,63756,157
13,63840,206
13,64372,166
13,64512,2563
13,64596,1265
13,64680,314
13,64736,1145
13,64792,45
13,64876,903
13,64932,291
13,64960,656
13,65016,1406
13,65044,18459
13,65156,77
13,65296,11624
13,65324,3435
13,65464,14672
13,65856,784
13,66024,1138
13,66276,5231
13,66444,167
13,66668,38111
13,66696,242
13,67256,3991
13,67284,91706
13,67452,2670
13,67760,916
13,67984,19537
13,68096,350
13,68208,5536
13,68516,105793
13,68600,202
13,68740,999
13,68796,270
13,69000,147748
13,69336,168
13,69448,803
13,69672,5929
13,69784,286
13,69896,111
13,69980,325
13,70120,824
13,70428,422
13,70932,193
13,71282,487
13,71464,617
13,71492,56566
13,71604,22067
13,71660,5330
13,71772,2899
13,72122,110920
13,72556,2029
13,72584,1320
13,72780,3284
13,73004,399
13,73256,34452
13,73312,3102
13,73620,447
13,73704,35452
13,73784,60677
13,73816,6553
13,74180,25889
13,74348,120
13,74376,4420
13,74432,437
13,74572,212
13,74852,195
13,74936,22913
13,74964,7611
13,75104,731
13,75160,2630
13,75188,5436
13,75244,736
13,75272,92
13,75300,3201
13,75328,206
13,75412,290
13,75496,65
13,75664,258
13,75832,6360
13,75888,1825
13,76168,9876
13,76224,18558
13,76280,6860
13,76364,2539
13,76476,17357
13,76504,429
13,76532,491
13,76756,9303
13,76952,376
13,77372,2226
13,77540,1969
13,77652,36975
13,77736,979
13,77764,589
13,77988,1714
13,78036,3119
13,78044,7949
13,78100,639
13,78156,3169
13,78324,27832
13,78380,1789
13,78744,448
13,78800,55025
13,78996,2227
13,79164,141
13,79388,10741
13,79416,102
13,79444,2845
13,79528,18703
13,79808,575
13,79864,1569
13,79948,961
13,80228,1575
13,80256,3913
13,80480,443
13,80508,84537
13,80592,1875
13,80676,492
13,80704,3634
13,80788,3631
13,80844,667
13,80956,13714
13,80984,5607
13,81128,2337
13,82132,3605
13,82412,380
13,82468,645
13,82692,269
13,82720,622
13,82972,1243
13,83084,741
13,83420,19669
13,83728,1195
13,83868,1059
13,83896,865
13,83952,299
13,84176,38473
13,84260,301
13,84288,207
13,84456,2127
13,84512,3586
13,84708,396
13,84960,804
13,85128,1324
15,71550,341778
16,00100,1843
16,00280,136
16,01000,245
16,01900,4781
16,01990,19617
16,03160,930
16,03340,350
16,03610,951
16,03700,734
16,04420,311
16,05230,371
16,06220,2575
16,07840,12999
16,08470,265
16,08560,214
16,08830,235421
16,09370,2697
16,09730,198
16,10810,4715
16,11260,12146
16,11710,85
16,12250,68336
16,12520,353
16,12790,688
16,13150,1012
16,13240,226
16,13780,924
16,14680,16362
16,14950,561
16,15490,10
16,16120,454
16,16750,56894
16,18640,911
16,18820,957
16,19270,482
16,19720,177
16,19900,422
16,20350,2513
16,20710,536
16,20890,523
16,20980,354
16,21790,302
16,22330,256
16,22510,1091
16,22600,570
16,22690,2263
16,22780,15
16,22960,522
16,23410,32319
16,23680,245
16,24310,402
16,25120,145
16,25570,8492
16,26290,489
16,27460,142
16,27550,162
16,27730,2951
16,27910,541
16,28810,1120
16,28990,6879
16,29620,12784
16,30160,1075
16,30340,516
16,31690,1304
16,32140,3802
16,32500,945
16,32770,465
16,32950,3617
16,33490,790
16,34300,988
16,34390,9824
16,34930,1112
16,35200,225
16,35830,861
16,36370,16422
16,36460,669
16,36730,813
16,37360,3726
16,38080,265
16,38170,3144
16,38440,104
16,38620,836
16,39070,102
16,39610,529
16,39700,68001
16,40330,832
16,40420,3105
16,40510,286
16,40600,193
16,41320,13135
16,42130,637
16,42400,1186
16,42580,2450
16,42760,296
16,43030,3611
16,43570,5359
16,44110,556
16,44200,1054
16,44290,28050
16,45370,1205
16,45820,375
16,45910,100
16,46540,34836
16,46720,442
16,48790,4066
16,48880,816
16,49240,480
16,50140,2344
16,50230,176
16,50950,1256
16,51850,588
16,52030,734
16,52120,134801
16,52660,11016
16,52750,216
16,53110,90
16,53920,2715
16,54100,176
16,54550,26387
16,54730,16703
16,55270,1080
16,55450,352
16,55630,677
16,55900,121
16,56260,114268
16,56800,332
16,56890,636
16,56980,1566
16,57250,482
16,58060,604
16,58330,816
16,58600,250
16,58870,213
16,59320,3313
16,59590,1659
16,60040,43
16,60580,549
16,60760,298
16,60940,2149
16,61210,1725
16,61300,8636
16,61840,171
16,62740,523
16,63100,1780
16,63550,48
16,63910,1113
16,64090,58064
16,64450,1956
16,64810,44798
16,64900,792
16,65260,6112
16,65530,1804
16,66340,11580
16,67150,44
16,67420,39975
16,67600,467
16,67780,5577
16,67870,401
16,67960,705
16,68500,578
16,69130,258
16,70660,6324
16,71020,4025
16,71110,186
16,71470,2473
16,71650,3295
16,72100,10024
16,73450,5182
16,73900,1725
16,75070,708
16,75195,3171
16,75970,29
16,76060,2479
16,76780,119
16,76870,16333
16,77050,37
16,77500,190
16,78040,2115
16,78850,1771
16,79120,303
16,80200,94
16,80380,840
16,80470,287
16,82360,925
16,82810,54943
16,83350,1235
16,84250,2285
16,84790,825
16,85240,203
16,85420,0
16,86050,417
16,86140,6056
16,86320,3010
16,87040,550
16,87310,88
16,87670,1685
16,87850,371
16,88480,249
17,00113,2851
17,00230,251
17,00243,35167
17,00295,75
17,00516,846
17,00555,1117
17,00568,1871
17,00646,3569
17,00672,767
17,00685,30134
17,00737,608
17,00815,442
17,00867,130
17,00880,255
17,00919,305
17,00971,658
17,00997,181
17,01010,18198
17,01049,2188
17,01114,25006
17,01140,447
17,01205,304
17,01242,226
17,01270,2236
17,01361,159
17,01426,1159
17,01491,541
17,01543,4136
17,01569,867
17,01595,14833
17,01673,335
17,01881,2890
17,01946,351
17,01972,879
17,02102,168
17,02154,74495
17,02206,303
17,02258,645
17,02342,270
17,02414,2251
17,02479,721
17,02505,1177
17,02531,451
17,02557,627
17,02583,947
17,02609,1113
17,02635,891
17,02674,1907
17,02726,938
17,02752,1637
17,02882,1099
17,02921,4444
17,02986,544
17,03012,177563
17,03103,542
17,03181,2422
17,03207,676
17,03454,310
17,03571,165
17,03610,1005
17,03675,206
17,03844,10476
17,03883,4018
17,03948,1262
17,04000,633
17,04013,39992
17,04039,5779
17,04052,77
17,04078,26235
17,04117,163
17,04156,264
17,04247,164
17,04273,351
17,04303,14057
17,04351,5749
17,04507,293
17,04533,912
17,04572,582
17,04585,4687
17,04598,421
17,04689,348
17,04715,85
17,04793,49
17,04806,302
17,04845,40726
17,04871,1839
17,04897,340
17,04936,241
17,04975,17890
17,05092,25297
17,05144,1468
17,05209,1419
17,05248,18352
17,05261,406
17,05274,26
17,05300,6598
17,05404,5089
17,05443,143
17,05573,54414
17,05599,9170
17,05612,1205
17,05898,289
17,05976,1084
17,06028,60
17,06171,113
17,06184,565
17,06470,556
17,06587,22298
17,06613,78587
17,06704,21494
17,06756,1089
17,06899,592
17,06964,609
17,07133,74088
17,07211,376
17,07224,177
17,07237,343
17,07263,367
17,07471,18042
17,07510,453
17,07640,723
17,07692,656
17,07744,15263
17,07770,6173
17,07913,4600
17,08186,1704
17,08225,16324
17,08264,2166
17,08303,761
17,08420,303
17,08446,7762
17,08472,138
17,08524,264
17,08576,18591
17,08667,626
17,08706,694
17,08875,179
17,08953,115
17,08979,136
17,08992,681
17,09148,117
17,09161,165
17,09304,238
17,09317,472
17,09330,399
17,09356,470
17,09434,435
17,09447,42482
17,09531,1113
17,09538,205
17,09551,206
17,09577,1596
17,09642,28164
17,09681,282
17,09759,523
17,09798,3869
17,09889,34
17,09980,11023
17,10084,238
17,10110,2673
17,10149,164
17,10240,3772
17,10292,232
17,10373,17114
17,10383,1558
17,10422,180
17,10448,158
17,10487,34358
17,10513,6685
17,10591,447
17,10630,1769
17,10643,2047
17,10695,60
17,10773,304
17,10877,1114
17,10906,10795
17,10916,143
17,11007,12875
17,11033,138
17,11124,1395
17,11150,1792
17,11163,21592
17,11176,382
17,11202,5531
17,11215,556
17,11228,3197
17,11293,4688
17,11332,38966
17,11358,37099
17,11397,1605
17,11462,2394
17,11514,5808
17,11527,2441
17,11592,17977
17,11618,2350
17,11644,4359
17,11774,1924
17,11826,223
17,11982,262
17,12008,646
17,12151,1076
17,12164,11848
17,12268,1306
17,12294,477
17,12385,89189
17,12450,513
17,12476,14138
17,12528,462
17,12567,17028
17,12684,14525
17,12710,1161
17,12801,1013
17,12931,1692
17,12970,429
17,13074,2864
17,13139,6732
17,13165,165
17,14000,2664452
17,14026,26184
17,14065,13834
17,14117,5977
17,14273,1274
17,14286,2637
17,14351,81004
17,14442,253
17,14455,617
17,14468,782
17,14533,160
17,14572,8562
17,14715,832
17,14767,621
17,14923,159
17,14936,1304
17,15001,6898
17,15170,5784
17,15209,307
17,15235,3816
17,15261,144
17,15300,1035
17,15352,630
17,15378,1090
17,15469,160
17,15495,981
17,15599,23779
17,15664,4977
17,15807,175
17,15833,10933
17,15846,112
17,15989,266
17,16054,152
17,16119,506
17,16210,152
17,16366,656
17,16405,440
17,16470,4488
17,16613,827
17,16691,16013
17,16873,6147
17,17055,501
17,17185,1473
17,17289,497
17,17406,532
17,17458,20118
17,17471,619
17,17497,10387
17,17523,8316
17,17549,4828
17,17783,602
17,17887,40861
17,17991,1140
17,18030,505
17,18147,210
17,18225,353
17,18251,218
17,18303,500
17,18342,482
17,18420,788
17,18446,439
17,18459,648
17,18472,552
17,18485,157
17,18498,575
17,18537,1070
17,18563,28206
17,18628,21698
17,18706,571
17,18719,2537
17,18745,507
17,18823,68670
17,18940,649
17,18992,18884
17,19031,37
17,19083,3628
17,19161,40211
17,19200,445
17,19226,1541
17,19499,1588
17,19616,1381
17,19642,58010
17,19681,76
17,19798,163
17,19837,2682
17,19915,870
17,20045,1114
17,20123,459
17,20149,2895
17,20162,15096
17,20292,20410
17,20305,639
17,20318,149
17,20331,238
17,20370,125
17,20526,135
17,20565,364
17,20591,49706
17,20643,1177
17,20890,180
17,21098,254
17,21176,1576
17,21254,3821
17,21267,5694
17,21280,1371
17,21358,4034
17,21410,110
17,21540,1597
17,21553,5639
17,21579,82
17,21605,259
17,21618,375
17,21683,1485
17,21696,3115
17,21826,740
17,21852,262
17,21904,1232
17,22073,20806
17,22151,302
17,22164,22012
17,22255,17642
17,22398,96
17,22567,391
17,22645,1057
17,22697,26698
17,22736,12258
17,22931,6559
17,22957,62
17,23009,3607
17,23022,146
17,23074,113310
17,23165,695
17,23191,219
17,23256,31350
17,23269,447
17,23373,822
17,23425,271
17,23503,325
17,23529,88
17,23555,180
17,23620,45336
17,23698,2008
17,23724,23369
17,23737,2735
17,23776,518
17,23841,145
17,23945,2199
17,23971,455
17,24062,97
17,24166,953
17,24179,778
17,24348,504
17,24374,1485
17,24452,854
17,24543,5186
17,24582,75070
17,24608,538
17,24634,19010
17,24673,295
17,24699,83
17,24764,3574
17,24816,4738
17,24933,2174
17,24985,595
17,25063,413
17,25141,16125
17,25375,530
17,25414,1811
17,25440,669
17,25531,2303
17,25713,286
17,25895,122
17,25960,98
17,26012,166
17,26077,298
17,26116,652
17,26194,2001
17,26233,474
17,26311,989
17,26350,316
17,26454,4711
17,26480,17
17,26571,9252
17,26662,73
17,26710,1731
17,26753,209
17,26935,13660
17,26987,756
17,27026,1023
17,27065,1410
17,27091,3639
17,27442,10805
17,27533,4619
17,27624,20907
17,27663,595
17,27689,879
17,27702,17871
17,27806,4501
17,27858,269
17,27884,23136
17,28144,3567
17,28170,25
17,28261,793
17,28300,3250
17,28326,29130
17,28430,2414
17,28638,1363
17,28742,124
17,28807,214
17,28846,6525
17,28872,21129
17,28898,5437
17,28963,3026
17,29041,1369
17,29080,3440
17,29093,417
17,29125,3396
17,29145,883
17,29171,8772
17,29236,3112
17,29275,1678
17,29392,1747
17,29431,221
17,29483,839
17,29496,108
17,29639,13868
17,29652,8570
17,29730,32409
17,29756,28347
17,29938,46904
17,30029,8268
17,30094,17597
17,30120,629
17,30133,622
17,30159,630
17,30250,60
17,30328,497
17,30445,961
17,30458,356
17,30575,1060
17,30588,167
17,30653,765
17,30757,510
17,30770,469
17,30835,1374
17,30926,26908
17,30978,339
17,30991,1280
17,31017,1319
17,31121,20954
17,31165,1496
17,31368,1017
17,31446,4060
17,31524,1342
17,31563,612
17,31576,721
17,31589,6979
17,31667,315
17,31732,1434
17,31771,1060
17,31991,37
17,32018,30193
17,32200,3489
17,32395,96
17,32408,918
17,32434,2689
17,32499,501
17,32525,8086
17,32564,1738
17,32616,315
17,32668,1236
17,32707,841
17,32746,36165
17,32850,786
17,32967,117
17,33136,7907
17,33227,1266
17,33279,1157
17,33318,256
17,33331,9356
17,33357,170
17,33383,19397
17,33435,8632
17,33513,2827
17,33630,9373
17,33695,12771
17,33851,1387
17,33877,418
17,34007,256
17,34098,741
17,34137,203
17,34163,2312
17,34332,356
17,34358,12178
17,34384,1488
17,34423,142
17,34449,2864
17,34514,13884
17,34553,108
17,34670,9961
17,34722,30272
17,34865,5304
17,34982,1213
17,35047,5773
17,35073,407
17,35086,7923
17,35203,90
17,35268,1971
17,35281,271
17,35307,17297
17,35385,1464
17,35398,433
17,35411,50179
17,35515,607
17,35671,38
17,35814,1035
17,35835,24546
17,35866,4138
17,35879,18540
17,36061,4731
17,36074,174
17,36126,805
17,36150,418
17,36190,583
17,36347,505
17,36438,1747
17,36477,158
17,36516,378
17,36542,354
17,36568,313
17,36750,28269
17,36815,749
17,36841,471
17,37127,831
17,37179,1653
17,37218,526
17,37257,3900
17,37348,220
17,37439,390
17,37608,7302
17,37621,97
17,37647,427
17,37712,129
17,37738,365
17,37777,570
17,37803,67
17,37894,7992
17,37907,9346
17,37933,494
17,37998,254
17,38115,17237
17,38323,344
17,38349,100
17,38375,1644
17,38414,8263
17,38427,196
17,38479,6384
17,38531,70
17,38544,3308
17,38570,150489
17,38635,1643
17,38674,333
17,38739,364
17,38778,53
17,38791,520
17,38830,12081
17,38856,298
17,38869,284
17,38895,445
17,38921,229
17,38934,23503
17,38986,648
17,39038,229
17,39077,404
17,39129,23
17,39233,48
17,39259,169
17,39298,546
17,39324,169
17,39441,176
17,39519,2401
17,39532,308
17,39727,12222
17,39753,403
17,39857,257
17,39883,4377
17,39909,1312
17,39922,184
17,40065,1089
17,40091,261
17,40117,716
17,40143,90
17,40156,1618
17,40182,648
17,40416,2815
17,40559,1859
17,40598,1400
17,40676,157
17,40767,15667
17,40793,13011
17,40832,1152
17,40884,5092
17,40910,5534
17,41105,19354
17,41183,28661
17,41214,196
17,41326,6338
17,41586,8625
17,41651,4267
17,41742,19676
17,41794,674
17,41859,1466
17,42028,27713
17,42080,39
17,42171,99
17,42184,9432
17,42249,326
17,42405,4245
17,42457,423
17,42496,4571
17,42587,306
17,42756,930
17,42769,1413
17,42795,17575
17,42834,2665
17,42860,451
17,42912,121
17,42938,218
17,42971,3467
17,43055,1964
17,43094,2074
17,43133,527
17,43250,20332
17,43406,1041
17,43445,144
17,43510,1522
17,43536,13072
17,43666,7912
17,43744,12872
17,43770,14339
17,43900,275
17,43939,23222
17,43965,6614
17,44056,135
17,44082,272
17,44121,90
17,44160,745
17,44173,797
17,44225,26537
17,44264,344
17,44381,384
17,44407,43779
17,44446,342
17,44498,1219
17,44524,8263
17,44576,200
17,44602,111
17,44719,294
17,44823,432
17,44927,1119
17,45031,23335
17,45044,1024
17,45174,297
17,45278,525
17,45369,95
17,45421,9025
17,45434,10304
17,45525,229
17,45564,237
17,45616,968
17,45642,29
17,45694,28251
17,45726,22630
17,45785,1845
17,45811,729
17,45824,2610
17,45850,271
17,45889,14849
17,45941,1130
17,45993,3065
17,46058,148
17,46110,247
17,46136,10273
17,46214,530
17,46240,311
17,46279,1132
17,46331,257
17,46357,10547
17,46383,1481
17,46422,293
17,46487,928
17,46500,9178
17,46604,1478
17,46643,250
17,46695,215
17,46786,7608
17,46825,99
17,46864,941
17,46916,16852
17,46955,1752
17,46981,504
17,47007,11129
17,47072,1530
17,47111,2490
17,47150,4773
17,47163,3879
17,47254,1086
17,47280,322
17,47397,8316
17,47423,8916
17,47449,319
17,47475,1981
17,47527,696
17,47540,18293
17,47553,16560
17,47592,91
17,47774,22880
17,47787,980
17,48021,658
17,48073,113
17,48138,367
17,48242,23666
17,48268,413
17,48307,851
17,48333,6929
17,48359,211
17,48424,802
17,48554,1886
17,48606,3871
17,48632,135
17,48645,5782
17,48671,544
17,48853,324
17,48892,13675
17,49009,4968
17,49048,1114
17,49100,280
17,49178,55
17,49191,1002
17,49308,621
17,49347,171
17,49386,3943
17,49477,210
17,49516,202
17,49555,1135
17,49568,1902
17,49607,12879
17,49802,179
17,49854,19759
17,49867,41965
17,49893,3031
17,49945,5097
17,50010,8567
17,50062,406
17,50218,21955
17,50244,6018
17,50283,209
17,50491,14508
17,50530,3981
17,50543,976
17,50621,17469
17,50647,24131
17,50751,489
17,50777,616
17,50790,115
17,50829,443
17,50868,6751
17,50881,1441
17,50920,311
17,50933,96
17,50998,2809
17,51024,1961
17,51089,54298
17,51128,1511
17,51154,2016
17,51180,14247
17,51206,5878
17,51232,1727
17,51271,56
17,51284,504
17,51336,149
17,51349,31790
17,51453,6963
17,51479,551
17,51622,150245
17,51648,413
17,51661,96
17,51700,3013
17,51726,199
17,51791,923
17,51882,276
17,51947,124
17,51986,1375
17,51999,414
17,52103,986
17,52116,1873
17,52142,3364
17,52155,75
17,52168,1352
17,52220,611
17,52285,153
17,52311,324
17,52415,338
17,52467,146
17,52506,377
17,52545,267
17,52584,28047
17,52623,769
17,52701,790
17,52714,166
17,52805,118
17,52844,2743
17,52961,589
17,53000,29513
17,53039,197
17,53143,620
17,53169,2091
17,53195,109
17,53234,52618
17,53377,14620
17,53390,167
17,53403,1105
17,53442,19022
17,53455,3105
17,53481,33977
17,53559,30416
17,53585,502
17,53663,5543
17,53793,161
17,53871,12270
17,54092,1439
17,54144,7071
17,54222,1332
17,54404,430
17,54534,8049
17,54560,2690
17,54586,195
17,54625,230
17,54638,26199
17,54703,464
17,54781,723
17,54820,55734
17,54885,52055
17,55002,1284
17,55041,2053
17,55106,1345
17,55132,138
17,55171,985
17,55210,910
17,55249,31968
17,55275,714
17,55353,3639
17,55379,461
17,55418,108
17,55470,1351
17,55639,162
17,55717,81
17,55756,109
17,55899,271
17,55912,8512
17,55938,4530
17,56003,195
17,56081,1283
17,56159,675
17,56237,1078
17,56341,742
17,56471,857
17,56484,3566
17,56536,321
17,56601,1727
17,56627,6578
17,56640,57074
17,56887,37074
17,56926,18752
17,56978,83
17,57043,207
17,57225,64869
17,57277,1203
17,57303,207
17,57329,595
17,57381,11515
17,57394,17759
17,57407,4765
17,57472,5049
17,57498,327
17,57524,44
17,57576,131
17,57628,8039
17,57654,7842
17,57693,184
17,57732,20763
17,57875,37897
17,58057,508
17,58174,2696
17,58226,811
17,58239,4348
17,58265,1000
17,58343,103
17,58369,760
17,58408,2042
17,58447,31126
17,59000,110460
17,59026,5747
17,59052,4187
17,59104,909
17,59156,305
17,59234,9780
17,59273,539
17,59312,2197
17,59520,34
17,59533,1345
17,59572,1627
17,59709,448
17,59884,4995
17,59988,11137
17,60079,727
17,60209,559
17,60222,4072
17,60287,47448
17,60339,265
17,60352,12676
17,60391,222
17,60534,908
17,60599,804
17,60833,426
17,60872,680
17,60937,2252
17,61015,11010
17,61067,5804
17,61080,100
17,61145,5129
17,61216,1567
17,61223,1627
17,61314,5334
17,61366,666
17,61548,402
17,61639,509
17,61678,1947
17,61899,7700
17,61925,1609
17,61977,1904
17,62016,15334
17,62211,143
17,62367,38803
17,62523,181
17,62588,278
17,62627,895
17,62744,477
17,62757,307
17,62783,11956
17,62822,938
17,62848,98
17,62965,921
17,63043,3750
17,63056,194
17,63069,135
17,63420,484
17,63641,2114
17,63706,12322
17,63719,231
17,63862,756
17,64018,809
17,64044,123
17,64135,821
17,64148,204
17,64174,51
17,64278,10159
17,64304,11227
17,64343,10282
17,64421,8845
17,64486,3475
17,64538,3737
17,64590,1934
17,64616,4493
17,64655,339
17,64707,7010
17,64746,9319
17,64759,3899
17,64811,171
17,64837,284
17,64902,1972
17,64928,8600
17,65000,146120
17,65078,36132
17,65156,7768
17,65221,32
17,65338,23329
17,65442,40955
17,65481,1516
17,65611,10843
17,65754,85
17,65806,22508
17,65819,3766
17,65845,855
17,65897,955
17,65962,1176
17,66027,18430
17,66040,26783
17,66053,2575
17,66066,7724
17,66131,1413
17,66157,281
17,66196,168
17,66209,1043
17,66287,310
17,66339,2923
17,66404,90
17,66443,255
17,66534,391
17,66599,89
17,66638,1129
17,66677,113
17,66703,32654
17,66768,507
17,66794,1245
17,66800,229
17,66833,533
17,66859,1369
17,66924,158
17,66950,3677
17,66989,610
17,67132,317
17,67158,461
17,67236,7056
17,67372,209
17,67444,1127
17,67548,7212
17,67613,461
17,67756,132
17,67769,9491
17,67795,401
17,67821,2712
17,67860,8891
17,67873,261
17,67912,643
17,67925,426
17,68003,75750
17,68081,11164
17,68120,551
17,68198,37
17,68406,94
17,68458,209
17,68471,318
17,68510,335
17,68640,2311
17,68705,1857
17,68822,850
17,68991,848
17,69082,994
17,69147,804
17,69186,4560
17,69212,932
17,69277,2418
17,69342,4599
17,69368,690
17,69524,14736
17,69563,502
17,69758,18369
17,69797,181
17,69810,283
17,69836,475
17,69875,1164
17,69914,316
17,69979,7896
17,70005,44
17,70031,165
17,70122,64937
17,70161,3131
17,70213,150
17,70226,185
17,70252,3900
17,70460,1760
17,70525,415
17,70564,4974
17,70590,7893
17,70629,3835
17,70720,24277
17,70759,1552
17,70850,20483
17,70889,3213
17,71175,966
17,71240,1854
17,71370,716
17,71422,364
17,71448,4024
17,71474,784
17,71526,177
17,71604,478
17,71643,111
17,72000,112544
17,72052,5512
17,72156,5442
17,72221,218
17,72234,128
17,72260,586
17,72403,4951
17,72468,1890
17,72520,9283
17,72546,14508
17,72624,224
17,72650,719
17,72676,6803
17,72702,1060
17,72780,1695
17,72884,220
17,72923,4402
17,72949,810
17,73027,105
17,73040,517
17,73131,103
17,73157,37780
17,73170,12269
17,73261,781
17,73287,374
17,73391,9210
17,73495,4272
17,73547,332
17,73638,10616
17,73703,2596
17,73943,447
17,74119,14472
17,74223,18682
17,74275,124
17,74301,335
17,74379,423
17,74444,533
17,74457,382
17,74470,676
17,74561,728
17,74574,10247
17,74665,98
17,74743,1663
17,74847,207
17,74860,615
17,74873,186
17,75081,1097
17,75107,998
17,75159,480
17,75172,1601
17,75185,2273
17,75263,745
17,75276,2566
17,75360,903
17,75484,53886
17,75549,728
17,75601,1137
17,75614,3482
17,75653,1334
17,75718,735
17,75757,55
17,75783,1152
17,75809,449
17,75822,422
17,75848,475
17,75874,1200
17,75965,2243
17,75991,2642
17,76160,509
17,76199,11209
17,76225,221
17,76407,4614
17,76615,449
17,76706,594
17,76771,53
17,76935,7002
17,77005,38209
17,77044,592
17,77148,545
17,77187,13
17,77265,1212
17,77317,7358
17,77395,374
17,77408,125
17,77473,1457
17,77525,233
17,77551,192
17,77642,558
17,77681,99
17,77694,26677
17,77707,210
17,77720,454
17,77811,257
17,77863,1343
17,77941,2440
17,77993,21727
17,78123,857
17,78149,3167
17,78175,283
17,78201,1458
17,78227,7016
17,78370,3459
17,78383,179
17,78526,1279
17,78604,93
17,78656,61
17,78708,406
17,78721,963
17,78773,506
17,78851,1298
17,78916,1084
17,78929,15027
17,78942,1473
17,79007,1020
17,79033,15833
17,79085,2493
17,79124,716
17,79150,11144
17,79163,1421
17,79228,4510
17,79241,659
17,79267,13891
17,79293,87642
17,79358,1158
17,79397,2246
17,79436,979
17,79449,380
17,79683,369
17,79735,196
17,79813,969
17,79826,29
17,80008,129
17,80047,16094
17,80060,25116
17,80073,641
17,80125,7878
17,80242,13290
17,80281,522
17,80333,7145
17,80645,23933
17,80736,4152
17,80762,138
17,80853,740
17,80931,3054
17,81048,52938
17,81074,97
17,81087,37725
17,81191,217
17,81256,2201
17,81802,552
17,81815,177
17,81854,1430
17,81867,568
17,81919,9038
17,82010,168
17,82049,5688
17,82075,27026
17,82088,88
17,82101,5568
17,82218,527
17,82270,1494
17,82309,660
17,82322,1044
17,82400,10054
17,82491,2875
17,82530,12292
17,82543,273
17,82686,6594
17,82725,764
17,82855,4889
17,82985,13774
17,83063,738
17,83102,239
17,83206,603
17,83245,33566
17,83271,10270
17,83336,487
17,83349,25699
17,83505,1070
17,83518,10494
17,83622,869
17,83687,1258
17,83739,372
17,83765,66
17,83817,623
17,84038,24693
17,84155,1468
17,84220,24206
18,00640,505
18,00748,1113
18,00784,66
18,00802,2282
18,00820,2222
18,00910,5163
18,00964,64
18,01270,28
18,01288,218
18,01342,229
18,01360,308
18,01450,416
18,01468,55199
18,01612,1051
18,01666,9456
18,01954,1474
18,02044,1744
18,02458,1043
18,02602,746
18,02620,3230
18,02674,13888
18,02782,3508
18,02800,4160
18,02872,2475
18,02908,24231
18,03142,706
18,03394,11075
18,03664,7354
18,03718,1879
18,04114,13855
18,04204,14422
18,04888,4227
18,04978,95
18,05158,603
18,05176,3016
18,05374,410
18,05716,2302
18,05788,269
18,05860,78840
18,05896,97
18,06220,10467
18,06616,6682
18,06634,805
18,06652,148
18,06706,801
18,06760,1673
18,07174,8214
18,07318,4604
18,07750,1785
18,07966,934
18,08038,2580
18,08092,71
18,08146,1648
18,08182,2643
18,08416,32250
18,08470,3013
18,08578,449
18,08704,234
18,09136,800
18,09226,122
18,09244,524
18,09316,394
18,09370,2142
18,09532,2679
18,09712,162
18,09874,1729
18,09910,600
18,10000,536
18,10090,175
18,10108,1494
18,10198,262
18,10270,616
18,10342,102296
18,10612,925
18,10954,944
18,11044,147
18,11062,16068
18,11746,212
18,11836,2749
18,11944,527
18,12034,3883
18,12124,8460
18,12376,2501
18,12412,14657
18,12574,468
18,12610,1866
18,12628,5630
18,12898,613
18,12934,22208
18,13276,886
18,13312,397
18,13366,927
18,13438,357
18,13492,1367
18,13582,212
18,13780,4790
18,13852,2152
18,14050,568
18,14284,698
18,14716,10126
18,14734,51522
18,14932,13298
18,14986,1117
18,15220,240
18,15256,3168
18,15364,97
18,15490,2733
18,15634,138
18,15652,165
18,15742,16577
18,15994,481
18,16084,1493
18,16138,34884
18,16156,65
18,16300,1196
18,16336,6419
18,16534,549
18,16624,1522
18,16642,1702
18,16732,549
18,16804,11525
18,16840,718
18,16858,1407
18,17002,1358
18,17074,10020
18,17110,201
18,17614,2997
18,17704,4274
18,17776,463
18,18190,1383
18,18766,677
18,18892,796
18,18982,234
18,19054,2098
18,19162,170
18,19180,339
18,19270,16333
18,19450,363
18,19486,25830
18,19756,262
18,20080,1590
18,20152,145
18,20332,2058
18,20404,4429
18,20458,282
18,20638,662
18,20674,202
18,20692,414
18,20728,53484
18,20800,6694
18,20998,627
18,21070,8423
18,21214,678
18,21502,569
18,22000,115332
18,22396,535
18,22432,2659
18,22576,1410
18,22738,1065
18,22792,1250
18,22990,2189
18,23188,549
18,23278,104094
18,23692,2101
18,24250,2931
18,24286,4814
18,25000,269994
18,25090,707
18,25180,2349
18,25198,272
18,25288,826
18,25306,534
18,25324,16409
18,25450,25908
18,25702,1792
18,25882,2063
18,25972,1731
18,26152,299
18,26242,1276
18,26386,6661
18,27000,67652
18,27054,6091
18,27072,800
18,27216,1275
18,27270,254
18,27324,3781
18,28062,240
18,28332,965
18,28386,34355
18,28440,847
18,28494,1144
18,28692,694
18,29358,9882
18,29448,4564
18,29520,25920
18,29682,125
18,29718,12363
18,29754,328
18,29772,2405
18,29844,1441
18,29898,66296
18,30024,142
18,30042,16222
18,30402,1669
18,30594,1554
18,30708,772
18,31000,76193
18,31216,3814
18,31486,673
18,32242,5974
18,32332,320
18,32512,1622
18,32728,186
18,32818,3735
18,33466,23525
18,33862,506
18,34114,29408
18,34294,610
18,34366,427
18,34420,741
18,34744,2144
18,35086,591
18,35266,11316
18,35284,6495
18,35302,16992
18,35500,659
18,36003,879293
18,36306,117
18,36342,2602
18,37692,951
18,37764,2008
18,37782,16781
18,38358,51235
18,38862,1502
18,38916,179
18,39366,279
18,39402,10239
18,39438,450
18,39546,1613
18,39618,571
18,39798,566
18,39816,188
18,39852,1325
18,39942,705
18,40266,2150
18,40302,700
18,40374,3599
18,40392,59890
18,40518,2054
18,40644,71
18,40662,563
18,40698,1092
18,40788,71216
18,40842,795
18,40860,2735
18,40896,346
18,41535,13047
18,41670,876
18,42048,941
18,42192,463
18,42228,2390
18,42246,22486
18,42282,272
18,42372,412
18,42426,49235
18,42462,5194
18,42606,288
18,42624,17252
18,42678,548
18,42861,3720
18,43074,340
18,43434,2010
18,43686,4608
18,44082,725
18,44190,5194
18,44370,188
18,44424,98
18,44442,513
18,44658,18233
18,44784,1174
18,44910,2616
18,45000,217
18,45144,11239
18,45468,943
18,45486,866
18,45504,633
18,45648,11273
18,45774,127
18,45864,196
18,45990,12208
18,46746,815
18,46908,28105
18,47160,1079
18,47178,486
18,47322,275
18,47448,11946
18,47592,495
18,47628,46
18,48132,274
18,48186,556
18,48240,631
18,48294,171
18,48402,922
18,48456,1754
18,48474,208
18,48528,36347
18,48744,301
18,48798,31659
18,48816,424
18,48924,3676
18,49014,2264
18,49266,1832
18,49320,1606
18,49536,948
18,49662,148
18,49716,797
18,49860,456
18,49932,50842
18,49950,3942
18,50058,160
18,50148,1938
18,50202,894
18,50526,496
18,50562,1330
18,50580,2208
18,50616,187
18,50652,927
18,50688,782
18,50760,5543
18,50796,1514
18,50940,338
18,50958,687
18,50976,9859
18,51102,1003
18,51138,1071
18,51192,1189
18,51318,125
18,51336,115
18,51354,79
18,51408,112
18,51714,350
18,51732,6355
18,51840,1217
18,51876,65081
18,51912,23614
18,52002,236
18,52020,6872
18,52038,1265
18,52326,37329
18,52398,12
18,52524,160
18,52650,3416
18,52704,1910
18,52740,17329
18,52776,1961
18,52974,686
18,52992,15974
18,53262,571
18,53298,92
18,53352,3541
18,53388,1323
18,53478,317
18,53496,411
18,53532,314
18,53550,312
18,53694,218
18,53874,5773
18,54180,73916
18,54612,42
18,54900,1813
18,54918,1625
18,54954,5225
18,55080,472
18,55116,6566
18,55134,994
18,55710,2260
18,55800,584
18,56052,1383
18,56088,1173
18,56286,648
18,56664,77
18,56682,1135
18,56952,338
18,57006,394
18,57024,2069
18,57114,2593
18,57132,1594
18,57168,3382
18,57258,1130
18,57528,1336
18,57546,1165
18,57726,902
18,57780,3600
18,57870,565
18,57978,1263
18,58320,707
18,58392,205
18,58662,5604
18,58788,615
18,59238,457
18,59328,10953
18,59364,2260
18,59598,925
18,60084,211
18,60192,4235
18,60246,37047
18,60264,491
18,60822,10989
18,61020,175
18,61092,38513
18,61164,5204
18,61236,6187
18,61416,967
18,61470,235
18,62028,1371
18,62046,8401
18,63450,1073
18,63756,1360
18,63792,5684
18,63918,536
18,64206,412
18,64260,35425
18,64422,684
18,64512,237
18,64674,2228
18,64728,25
18,64980,861
18,64998,435
18,65016,1784
18,65214,6211
18,65484,1977
18,65520,2592
18,65556,643
18,65808,1304
18,65934,651
18,65988,851
18,66150,1500
18,66222,797
18,66438,6191
18,66510,312
18,66546,1310
18,66834,423
18,66852,23644
18,66978,665
18,67212,960
18,67302,148
18,67464,6437
18,67626,98
18,67698,362
18,68022,2609
18,68058,227
18,68220,29657
18,68238,261
18,68526,7373
18,68652,1009
18,68670,10058
18,68706,740
18,68832,21666
18,68868,1811
18,68976,218
18,69048,543
18,69192,1117
18,69318,20609
18,69354,3361
18,69480,855
18,69516,822
18,69552,680
18,69678,128
18,69768,868
18,70542,249
18,71000,103395
18,71486,2068
18,71612,1818
18,71828,14157
18,71972,2464
18,72008,956
18,72206,331
18,72232,92
18,72296,211
18,72332,138
18,72440,166
18,72764,123
18,72782,470
18,73178,274
18,73232,202
18,73664,260
18,74006,4223
18,74060,335
18,74132,991
18,74168,931
18,74510,902
18,74546,1064
18,74582,266
18,74744,3217
18,75248,7485
18,75302,224
18,75428,58502
18,75626,1416
18,75986,5245
18,76184,1223
18,76256,594
18,76310,1563
18,76328,2027
18,76634,361
18,77066,113
18,77768,3423
18,77786,276
18,77912,281
18,77966,3808
18,78110,1236
18,78326,34627
18,78470,783
18,78740,2085
18,78776,75
18,78902,236
18,78974,2188
18,79010,1777
18,79208,16588
18,79370,10269
18,79478,1999
18,79694,2091
18,79730,79
18,79964,985
18,80018,988
18,80108,1191
18,80234,1472
18,80306,16097
18,80504,12513
18,81278,2157
18,81458,434
18,82052,973
18,82376,560
18,82556,534
18,82700,57746
18,82790,334
18,82862,44829
18,82934,692
18,83276,1385
18,83384,2151
18,83420,5268
18,83528,938
18,83564,389
18,83816,5415
18,84014,13049
18,84086,68
18,84122,4506
18,84302,409
18,84374,425
18,84410,1965
18,84734,2287
18,84752,4778
18,84806,684
18,84878,8045
18,84914,245
18,84950,5099
18,84968,757
18,85058,954
18,85076,1028
18,85184,1591
18,85400,88
18,85598,1406
18,85742,213
18,85886,119
18,86084,11740
18,86318,588
18,86372,32534
19,00190,1538
19,00235,117
19,00370,781
19,00505,6474
19,00595,863
19,00640,614
19,00730,513
19,00775,1542
19,00865,626
19,00910,3661
19,00955,441
19,01000,667
19,01045,738
19,01090,163
19,01135,5342
19,01180,434
19,01270,432
19,01315,942
19,01495,2018
19,01540,217
19,01585,1243
19,01630,21698
19,01675,215
19,01855,65686
19,01990,5704
19,02080,107
19,02125,375
19,02260,965
19,02305,74458
19,02350,531
19,02395,1089
19,02485,578
19,02530,114
19,02620,59
19,02755,95
19,02800,94
19,02845,418
19,02935,856
19,03025,1185
19,03115,216
19,03160,6007
19,03295,432
19,03340,34
19,03385,287
19,03475,2140
19,03520,6781
19,03610,258
19,03655,1999
19,03745,970
19,03835,166
19,03970,1678
19,04105,129
19,04195,532
19,04240,230
19,04330,100
19,04375,79
19,04420,680
19,04510,23
19,04555,151
19,04645,178
19,04780,42
19,04825,424
19,04870,685
19,04915,976
19,04960,404
19,05050,431
19,05095,15
19,05140,159
19,05185,44
19,05365,1503
19,05590,2340
19,05635,2320
19,05680,2399
19,05770,335
19,05905,40
19,06040,21
19,06085,116
19,06175,267
19,06355,39858
19,06490,59
19,06625,372
19,06760,176
19,06805,704
19,06850,269
19,06895,29
19,06940,227
19,06985,125
19,07030,2772
19,07075,1686
19,07210,301
19,07345,361
19,07390,8959
19,07480,12416
19,07660,126
19,07750,173
19,07840,697
19,07930,139
19,08065,74
19,08155,333
19,08200,137
19,08290,494
19,08425,145
19,08470,589
19,08560,139
19,08605,2004
19,08650,294
19,08695,1464
19,08875,129
19,09100,82
19,09145,34
19,09235,1164
19,09280,847
19,09550,23565
19,09685,405
19,09730,374
19,09820,350
19,09955,359
19,10045,1097
19,10090,141
19,10135,4552
19,10225,828
19,10450,225
19,10585,30
19,10765,4326
19,11035,90
19,11080,10163
19,11170,766
19,11215,3759
19,11305,2385
19,11395,385
19,11485,139
19,11530,103
19,11755,40737
19,12000,135958
19,12270,2549
19,12315,5344
19,12495,1241
19,12630,117
19,12720,4280
19,12765,7228
19,12855,389
19,12900,511
19,12945,74
19,12990,220
19,13080,5167
19,13125,133
19,13215,78
19,13350,357
19,13395,283
19,13485,136
19,13530,1004
19,13575,5305
19,13620,2745
19,13755,1243
19,13845,46
19,13980,282
19,14025,7567
19,14115,236
19,14160,133
19,14250,571
19,14430,24239
19,14475,67
19,14520,19005
19,14655,208
19,14880,27
19,14925,686
19,14970,172
19,15015,383
19,15060,2262
19,15105,169
19,15195,496
19,15240,842
19,15375,378
19,15420,1771
19,15465,57
19,15645,346
19,15825,1095
19,15960,16
19,16050,1268
19,16140,36
19,16230,23596
19,16500,1491
19,16545,746
19,16590,260
19,16635,1537
19,16725,37
19,16815,217
19,16860,62399
19,16950,76
19,17130,278
19,17175,624
19,17220,3897
19,17265,7392
19,17490,103
19,17670,244
19,17760,250
19,17850,501
19,17895,39
19,17940,223
19,17985,85
19,18075,756
19,18255,1966
19,18345,34
19,18390,311
19,18435,908
19,19000,100354
19,19090,179
19,19135,110
19,19180,759
19,19315,178
19,19405,7578
19,19450,221
19,19495,249
19,19585,245
19,19630,139
19,19675,432
19,19720,542
19,19765,242
19,19855,258
19,19945,8114
19,20035,1946
19,20125,89
19,21000,210381
19,21045,933
19,21180,5587
19,21225,629
19,21270,338
19,21360,147
19,21405,1298
19,21540,204
19,21675,64
19,21720,336
19,21810,866
19,21900,642
19,22080,61
19,22215,467
19,22305,509
19,22350,170
19,22395,58877
19,22620,618
19,22755,370
19,22800,194
19,22845,832
19,22890,1035
19,22935,21
19,22980,1815
19,23115,4557
19,23160,1261
19,23250,3566
19,23340,1413
19,23385,393
19,23430,717
19,23475,581
19,23790,118
19,23970,958
19,24060,910
19,24375,179
19,24420,777
19,24465,2589
19,24600,6846
19,24645,674
19,24690,1197
19,24735,1041
19,24780,631
19,24825,28
19,24870,1055
19,24915,331
19,25005,21
19,25050,492
19,25095,490
19,25365,2335
19,25500,399
19,25590,3623
19,25725,2024
19,25815,717
19,25860,5823
19,25995,4490
19,26175,572
19,26265,763
19,26310,158
19,26355,1128
19,26400,2904
19,26445,9300
19,26760,1722
19,26850,266
19,26895,589
19,26940,370
19,26985,478
19,27165,1240
19,27210,253
19,27255,98
19,27390,299
19,27975,114
19,28020,305
19,28245,633
19,28290,670
19,28380,4272
19,28425,301
19,28515,24591
19,28605,10053
19,28650,230
19,28740,127
19,28920,102
19,28965,976
19,29010,206
19,29055,211
19,29190,685
19,29280,930
19,29550,22
19,29595,417
19,29685,79
19,29775,174
19,29910,751
19,29955,3035
19,30000,344
19,30045,472
19,30135,135
19,30225,1103
19,30540,58
19,30630,1331
19,30675,791
19,30810,32
19,30900,532
19,30945,478
19,31035,781
19,31350,5175
19,31395,1150
19,31530,614
19,31575,140
19,31665,251
19,31710,935
19,31800,813
19,31845,75
19,31890,212
19,31980,708
19,32025,610
19,32070,197
19,32115,429
19,32160,2038
19,32295,84
19,32475,303
19,32520,155
19,32565,61
19,32610,216
19,32745,977
19,32790,2033
19,32970,68
19,33060,16362
19,33105,9473
19,33150,991
19,33195,2806
19,33240,62
19,33285,61
19,33420,1579
19,33465,1808
19,33645,268
19,33780,868
19,33870,127
19,33960,4272
19,34005,198
19,34185,202
19,34365,82
19,34410,255
19,34455,53
19,34500,4891
19,34545,116
19,34590,270
19,34635,144
19,34680,725
19,34725,1570
19,34770,90
19,34860,239
19,34995,157
19,35130,125
19,35220,163
19,35265,2644
19,35310,429
19,35445,44
19,35580,710
19,35670,722
19,35715,140
19,35940,7219
19,36345,910
19,36390,157
19,36480,955
19,36705,266
19,36840,1475
19,36885,348
19,37155,624
19,37200,251
19,37290,706
19,37335,136
19,37425,837
19,37470,2772
19,37515,2432
19,37560,4723
19,37605,470
19,37920,4634
19,38010,1990
19,38055,38
19,38100,6188
19,38280,16043
19,38415,957
19,38460,219
19,38595,75678
19,38640,5002
19,38820,578
19,39000,320
19,39135,39
19,39225,196
19,39405,1051
19,39450,4100
19,39585,2537
19,39675,1183
19,39765,24640
19,39855,204
19,39900,29
19,40170,2739
19,40215,176
19,40260,639
19,40350,239
19,40395,308
19,40440,596
19,40665,255
19,40845,9513
19,40890,109
19,40935,945
19,40980,893
19,41070,238
19,41115,621
19,41295,282
19,41385,1391
19,41475,77
19,41520,60
19,41565,157
19,41610,257
19,41655,430
19,41790,53
19,42015,7432
19,42285,334
19,42330,224
19,42465,1670
19,42555,2115
19,42600,1158
19,42645,686
19,42690,1138
19,42825,261
19,42870,169
19,42960,1974
19,43005,432
19,43050,233
19,43140,114
19,43275,954
19,43365,2259
19,43410,950
19,43500,123
19,43590,471
19,43680,219
19,43725,1249
19,43815,394
19,43905,938
19,44085,4744
19,44130,119
19,44220,894
19,44265,391
19,44310,150
19,44355,245
19,44400,10618
19,44490,1372
19,44535,1817
19,44580,12
19,44670,309
19,44715,354
19,44805,362
19,44985,271
19,45030,163
19,45165,467
19,45255,119
19,45390,203
19,45435,192
19,45480,154
19,45615,2208
19,45660,291
19,45795,444
19,45840,170
19,45975,375
19,46065,240
19,46155,1354
19,46245,370
19,46290,143
19,46335,1336
19,46425,844
19,46515,376
19,46605,423
19,46830,460
19,46920,778
19,47010,241
19,47055,304
19,47100,174
19,47280,145
19,47370,248
19,47460,238
19,47505,111
19,47595,383
19,47730,274
19,47775,354
19,47820,311
19,47865,145
19,47955,263
19,48000,725
19,48045,116
19,48180,101
19,48450,2799
19,48495,188
19,48500,296
19,48540,261
19,48585,255
19,48675,26
19,48720,1051
19,48810,5239
19,48855,742
19,48900,1231
19,48945,1416
19,48990,1656
19,49170,1124
19,49215,6051
19,49260,221
19,49305,262
19,49350,1060
19,49395,2404
19,49485,42213
19,49575,111
19,49620,432
19,49755,27574
19,49845,247
19,49890,411
19,49935,109
19,50070,47
19,50160,26906
19,50205,99
19,50250,355
19,50385,77
19,50430,272
19,50520,854
19,50610,468
19,50655,154
19,50700,992
19,50790,1664
19,50880,768
19,50935,1184
19,50970,111
19,51060,196
19,51105,343
19,51150,162
19,51375,710
19,51420,212
19,51735,364
19,52050,402
19,52095,3309
19,52230,137
19,52275,43
19,52455,761
19,52500,397
19,52545,317
19,52590,591
19,52815,313
19,52860,2656
19,52905,118
19,52950,2617
19,52995,280
19,53175,337
19,53265,129
19,53310,1465
19,53355,2010
19,53490,1432
19,53625,4056
19,53670,198
19,53760,727
19,53850,189
19,53895,167
19,53985,626
19,54030,94
19,54120,693
19,54165,97
19,54390,599
19,54435,163
19,54480,1626
19,54705,8581
19,54840,4552
19,54930,1690
19,55065,624
19,55110,23341
19,55200,321
19,55335,1503
19,55515,66
19,55560,906
19,55695,6967
19,55785,431
19,55965,847
19,56055,888
19,56100,3422
19,56145,556
19,56280,133
19,56325,1870
19,56370,387
19,56415,230
19,56460,1247
19,56505,15645
19,56550,380
19,56595,493
19,56685,328
19,56865,73
19,56910,1348
19,57045,52
19,57135,108
19,57225,1035
19,57360,21345
19,57495,108
19,57630,2048
19,57675,14873
19,57720,465
19,57945,70
19,58080,1518
19,58170,177
19,58395,192
19,58530,421
19,58575,985
19,58620,5791
19,58665,1963
19,58710,737
19,58890,187
19,58980,655
19,59070,198
19,59115,2816
19,59250,196
19,59475,6397
19,59520,67
19,59565,356
19,59655,508
19,59745,3537
19,59835,5568
19,59925,11448
19,59970,783
19,60015,43
19,60105,411
19,60240,69
19,60420,41
19,60465,25252
19,60555,30
19,60645,710
19,60690,424
19,60780,94
19,60825,101
19,60915,180
19,61050,136
19,61230,1505
19,61275,237
19,61320,1083
19,61365,141
19,61590,1983
19,61770,189
19,61815,218
19,61860,175
19,61905,968
19,62040,10820
19,62130,2122
19,62355,7984
19,62445,293
19,62625,319
19,62760,331
19,62850,158
19,63075,245
19,63210,394
19,63345,58
19,63525,11617
19,63570,30
19,63615,80
19,63750,1690
19,63840,53
19,63885,369
19,63975,1842
19,64020,6303
19,64065,520
19,64110,77
19,64200,189
19,64290,2415
19,64425,155
19,64470,1712
19,64560,183
19,64605,938
19,64650,884
19,64740,916
19,64875,91
19,65010,260
19,65055,261
19,65235,591
19,65280,246
19,65370,540
19,65415,182
19,65505,77
19,65550,50
19,65595,154
19,65640,181
19,65730,39
19,65820,748
19,65910,860
19,65955,156
19,66000,64
19,66045,719
19,66135,5461
19,66315,1665
19,66360,201
19,66405,1682
19,66450,228
19,66540,270
19,66585,804
19,66720,540
19,66810,203
19,66855,105
19,67035,265
19,67125,35
19,67170,354
19,67215,214
19,67350,377
19,67440,1046
19,67575,241
19,67800,3312
19,68025,145
19,68070,741
19,68160,2706
19,68205,4045
19,68250,1044
19,68295,2195
19,68340,29
19,68385,43
19,68475,1354
19,68520,503
19,68565,112
19,68700,157
19,68925,47
19,69015,119
19,69060,266
19,69105,380
19,69195,348
19,69240,451
19,69285,474
19,69330,712
19,69375,116
19,69465,346
19,69510,493
19,69645,2019
19,69690,93
19,69735,1160
19,69780,76
19,69915,643
19,69960,119
19,70050,167
19,70095,114
19,70140,102
19,70185,105
19,70230,386
19,70320,299
19,70410,1444
19,70590,59
19,71040,78
19,71085,717
19,71130,803
19,71310,492
19,71355,127
19,71625,5274
19,71760,639
19,71895,161
19,71940,72
19,72075,70
19,72210,1107
19,72300,728
19,72345,311
19,72390,5422
19,72435,1272
19,72480,989
19,72525,4884
19,72660,176
19,72840,723
19,72975,2761
19,73065,1039
19,73110,1985
19,73155,246
19,73290,8543
19,73335,85727
19,73425,718
19,73515,1600
19,73605,1058
19,73650,183
19,73785,180
19,73875,3182
19,73920,123
19,74055,199
19,74280,11451
19,74370,372
19,74415,5533
19,74460,90
19,74505,145
19,74685,68
19,74775,1148
19,74820,437
19,74910,353
19,74955,85
19,75000,676
19,75045,620
19,75135,1392
19,75180,261
19,75405,275
19,75450,172
19,75630,11434
19,75675,3388
19,75720,192
19,75810,682
19,75855,1147
19,75945,67
19,75990,1855
19,76035,885
19,76260,2031
19,76440,127
19,76485,625
19,76620,139
19,76665,77
19,76755,547
19,76890,904
19,76935,984
19,77115,3046
19,77340,341
19,77430,83
19,77520,316
19,77565,48
19,77745,489
19,77790,177
19,77835,47
19,77880,393
19,77970,163
19,78060,6325
19,78195,135
19,78285,3054
19,78330,487
19,78510,2383
19,78600,101
19,78735,1549
19,78825,1095
19,78915,1202
19,79095,63
19,79140,522
19,79185,70
19,79410,30
19,79500,959
19,79545,381
19,79680,74
19,79770,1187
19,79815,475
19,79905,1627
19,79950,46729
19,79995,330
19,80130,376
19,80175,39
19,80400,769
19,80445,1725
19,80490,179
19,80535,67
19,80580,697
19,80805,852
19,80985,1113
19,81075,124
19,81120,52
19,81210,4951
19,81345,201
19,81570,204
19,81615,341
19,81705,1549
19,81840,1355
19,81885,668
19,81975,156
19,82020,748
19,82065,725
19,82200,2013
19,82335,7252
19,82380,205
19,82425,66606
19,82470,111
19,82650,227
19,82695,31645
19,82740,3777
19,82875,10561
19,82965,947
19,83010,139
19,83055,95
19,83145,7713
19,83190,138
19,83280,1516
19,83325,716
19,83370,127
19,83415,380
19,83550,775
19,83595,2754
19,83685,3161
19,83775,147
19,83910,72205
19,84090,120
19,84180,190
19,84315,3728
19,84450,308
19,84540,134
19,84585,909
19,84630,277
19,84765,2432
19,84835,100
19,84900,597
19,84945,763
19,85215,727
19,85260,479
19,85305,98
19,85710,71
19,85800,298
19,85845,3351
19,85935,125
19,86070,2930
19,86250,5067
19,86385,1014
19,86520,5374
19,86565,818
19,86610,91
19,86700,181
19,86835,1718
19,86880,141
19,86970,1363
19,87015,140
19,87060,372
19,87240,527
19,87285,264
19,87375,19
19,87420,62
19,87555,503
19,87690,86
20,00100,81
20,00125,6443
20,00325,132
20,00475,44
20,00550,198
20,00825,126
20,00950,120
20,01050,48
20,01275,162
20,01350,822
20,01425,353
20,01550,1047
20,01575,412
20,01600,97
20,01625,343
20,01675,772
20,01775,928
20,01800,15814
20,01975,2069
20,02175,257
20,02250,451
20,02300,11765
20,02325,431
20,02375,1384
20,02675,724
20,02850,423
20,02900,10670
20,03025,41
20,03050,165
20,03100,508
20,03150,1242
20,03250,1261
20,03300,9245
20,03425,54
20,03600,399
20,03900,4929
20,04225,59
20,04250,163
20,04350,70
20,04400,7719
20,04450,22
20,04625,3830
20,04775,269
20,04900,196
20,05337,9537
20,05500,1452
20,05600,1987
20,05775,3358
20,05825,95
20,05925,204
20,06000,70
20,06075,641
20,06125,572
20,06175,945
20,06275,160
20,06500,134
20,06825,446
20,06950,171
20,07600,222
20,07650,924
20,07775,47
20,07825,151
20,07975,7621
20,08425,287
20,08475,307
20,08575,236
20,08675,23
20,09000,706
20,09150,212
20,09200,1315
20,09225,110
20,09250,508
20,09275,220
20,09350,955
20,09400,2593
20,09450,232
20,09525,136
20,09575,843
20,09675,28
20,09700,195
20,09800,37
20,09900,1008
20,10125,91
20,10375,1732
20,10475,665
20,10600,1318
20,10675,36
20,10925,111
20,11175,453
20,11325,12
20,11425,21
20,11450,469
20,12425,492
20,12500,8468
20,12550,1372
20,12650,389
20,12675,107
20,12775,2160
20,12825,589
20,12925,2128
20,12950,911
20,13275,1994
20,13375,153
20,13425,543
20,13625,4094
20,13675,46
20,13925,2642
20,14200,451
20,14275,43
20,14475,681
20,14525,68
20,14600,8570
20,14650,5589
20,14700,673
20,14900,93
20,14950,377
20,15075,2870
20,15100,1453
20,15200,5004
20,15325,1117
20,15400,79
20,15475,251
20,15725,211
20,15900,854
20,15925,2125
20,16025,291
20,16150,59
20,16625,138
20,16675,83
20,16700,113
20,16775,412
20,16975,109
20,17000,29
20,17150,373
20,17225,683
20,17525,152
20,17600,301
20,17625,144
20,17750,129
20,17800,26233
20,17850,6539
20,17925,231
20,18050,938
20,18250,27514
20,18325,143
20,18400,1542
20,18500,790
20,18600,43
20,18950,28
20,19050,92
20,19125,213
20,19275,59
20,19300,743
20,19600,211
20,19825,1718
20,19875,27
20,19900,382
20,20000,4641
20,20025,484
20,20050,224
20,20075,12919
20,20125,56
20,20250,254
20,20300,111
20,20350,1800
20,20425,1960
20,20450,1921
20,20500,3133
20,20675,40
20,20875,52
20,20950,1122
20,21100,170
20,21275,24105
20,21350,51
20,21400,168
20,21425,710
20,21500,1019
20,21600,66
20,21650,437
20,21675,6466
20,21800,2264
20,22025,254
20,22425,236
20,22700,4158
20,22775,127
20,23600,384
20,23650,226
20,23725,204
20,23825,90
20,24000,7565
20,24175,514
20,24275,717
20,24550,10
20,24575,2073
20,24850,3372
20,24925,167
20,25050,43
20,25100,2752
20,25150,141
20,25200,829
20,25325,27371
20,25375,952
20,25425,25378
20,25750,145
20,25925,3197
20,25975,466
20,26000,86
20,26050,95
20,26075,228
20,26200,156
20,26300,2465
20,26325,52
20,26375,438
20,26500,362
20,26725,5708
20,26750,553
20,26775,105
20,26875,4403
20,27000,383
20,27125,80
20,27200,319
20,27425,1630
20,28300,14372
20,28350,274
20,28412,376
20,28425,95
20,28625,347
20,28675,704
20,28800,148
20,28850,311
20,28900,256
20,29250,392
20,29400,108
20,29600,2138
20,29675,181
20,29700,24
20,29875,688
20,29925,250
20,30000,161
20,30175,1304
20,30475,360
20,30575,178
20,30700,81
20,30725,1168
20,30775,126
20,30825,661
20,31100,21040
20,31125,11268
20,31150,82
20,31375,92
20,31400,2098
20,31475,118
20,31600,3473
20,31675,3190
20,31850,922
20,32175,1385
20,32275,2688
20,32550,2617
20,32575,2190
20,32650,13
20,32825,3382
20,32850,387
20,33075,309
20,33150,92
20,33200,1480
20,33250,569
20,33350,1198
20,33375,595
20,33400,91
20,33425,3613
20,33450,1816
20,33500,43
20,33525,53
20,33575,72
20,33625,39662
20,33875,8315
20,34225,252
20,34275,1320
20,34300,5318
20,34550,64
20,34625,151
20,34975,234
20,35375,81
20,35450,740
20,35475,353
20,35600,1334
20,35750,21856
20,35950,431
20,35975,150
20,36000,152933
20,36225,2380
20,36550,404
20,36875,107
20,36950,2890
20,37075,1370
20,37125,869
20,37275,131
20,37325,332
20,37375,54
20,37500,1209
20,37575,1035
20,37725,488
20,37975,1014
20,38175,2121
20,38325,239
20,38400,246
20,38500,40
20,38650,11221
20,38700,3675
20,38775,100
20,38800,31
20,38900,96207
20,39000,37034
20,39075,33980
20,39100,182
20,39125,875
20,39150,595
20,39225,160
20,39350,58536
20,39400,200
20,39450,662
20,39475,38
20,39500,429
20,39550,1432
20,39650,444
20,39725,376
20,39825,18999
20,40250,95
20,40400,87
20,41300,1155
20,41325,167
20,41375,3811
20,41425,384
20,41465,1098
20,41475,425
20,41575,465
20,42100,436
20,42425,21
20,42575,71
20,42600,134
20,42650,283
20,42800,134
20,42825,54
20,42875,5170
20,42925,146
20,43150,338
20,43250,164
20,43350,1039
20,43525,3498
20,43700,144
20,43725,370
20,43750,117
20,43775,277
20,43850,453
20,43900,835
20,43950,13906
20,44050,668
20,44150,43
20,44200,6802
20,44225,49
20,44250,53682
20,44300,813
20,44375,120
20,44500,634
20,44550,98
20,44750,1898
20,44925,592
20,45050,3405
20,45150,52
20,45250,355
20,45275,73
20,45325,1442
20,45500,1707
20,45700,349
20,45750,33
20,45950,725
20,46000,10875
20,46450,52
20,46525,388
20,46950,439
20,47075,1936
20,47150,691
20,47225,10014
20,47350,3525
20,47425,197
20,47600,340
20,47875,976
20,48125,465
20,48225,183
20,48275,113
20,48300,213
20,48450,114
20,48600,260
20,48750,645
20,48800,1955
20,48825,347
20,48900,800
20,49025,410
20,49075,185
20,49100,6936
20,49150,97
20,49325,155
20,49350,81
20,49400,51
20,49425,296
20,49650,2196
20,49825,136
20,49875,232
20,49925,1311
20,49950,140
20,50150,57
20,50300,106
20,50450,407
20,50475,18251
20,50525,1053
20,50750,89
20,50925,158
20,51225,1787
20,51500,2676
20,51525,591
20,51600,417
20,51700,25
20,51825,1982
20,52000,1605
20,52200,165
20,52275,1628
20,52525,64
20,52575,147461
20,52700,74
20,52750,89
20,52800,518
20,52825,223
20,52875,675
20,52900,58
20,53200,2814
20,53225,4241
20,53325,1303
20,53375,1080
20,53450,1637
20,53525,286
20,53550,12686
20,53725,984
20,53775,197089
20,53850,1042
20,53925,627
20,54125,203
20,54200,124
20,54250,5780
20,54325,33
20,54400,115
20,54450,8808
20,54500,231
20,54560,406
20,54575,48
20,54675,9362
20,54700,209
20,54875,189
20,54950,210
20,55100,920
20,55225,18
20,55450,851
20,55525,101
20,55675,2244
20,56025,20504
20,56100,1017
20,56150,1698
20,56450,1199
20,56725,84
20,57000,890
20,57100,84
20,57300,422
20,57350,67
20,57525,99
20,57575,22900
20,57625,6546
20,57650,212
20,57675,118
20,57700,653
20,57725,254
20,57850,487
20,58100,287
20,58250,948
20,58300,21
20,58375,78
20,58450,78
20,58475,156
20,58500,254
20,58525,171
20,58550,85
20,58600,183
20,58725,91
20,59000,79
20,59050,69
20,59125,197
20,59200,27
20,59675,441
20,59875,929
20,60325,175
20,60825,6712
20,60900,371
20,61250,4332
20,61275,74
20,61400,1090
20,61600,99
20,61775,136
20,61825,4400
20,61875,23
20,62025,2493
20,62175,1276
20,62200,1122
20,62275,1171
20,62400,2748
20,62500,603
20,62700,45792
20,63150,1055
20,63200,77
20,63275,89
20,63325,368
20,63350,337
20,63425,169
20,63600,3931
20,63650,25
20,63675,645
20,63750,989
20,63800,1581
20,63875,183
20,63950,2142
20,64025,77
20,64050,198
20,64100,45
20,64325,141
20,64375,751
20,64500,69417
20,65600,1315
20,65650,80
20,65925,1585
20,66100,160
20,66175,103
20,66275,1000
20,66650,326
20,66750,2506
20,67125,785
20,67175,35
20,67250,58
20,67625,9689
20,67775,925
20,68025,66
20,68200,2275
20,68350,1438
20,68650,388
20,68775,1352
20,68950,122
20,69275,35
20,69525,29
20,69775,288
20,69800,211
20,69850,1767
20,70000,105
20,70250,264
20,70300,425
20,70357,347
20,70625,36
20,70675,189
20,70800,6102
20,71000,125475
20,71050,205
20,71125,1439
20,71450,713
20,71575,966
20,71800,307
20,71925,172
20,71950,644
20,71975,5616
20,72525,297
20,72650,98
20,73250,7347
20,73300,1075
20,73525,79
20,73775,1112
20,73950,40
20,74025,111
20,74075,48
20,74450,1745
20,74525,843
20,74575,32
20,74625,9
20,74750,45
20,74950,190
20,75200,218
20,75325,4846
20,75825,1065
20,75950,652
20,76000,1249
20,76050,559
20,76250,27
20,76350,562
20,76475,7568
20,76625,1930
20,77150,148
20,77200,723
20,77250,130
20,77500,1721
20,77525,395
20,77550,340
20,77700,104
20,77825,445
20,77850,117
20,78050,664
20,78100,195
20,79000,396119
20,79250,75
20,79300,386
20,79400,23
20,79425,71
20,79550,37
20,79650,139
20,79675,837
20,79800,447
20,79850,89
20,79950,11669
20,80075,180
20,80350,160
20,80450,90
20,80700,1327
20,80925,68
20,81025,81
21,00298,871
21,00694,1735
21,00802,10673
21,00946,177
21,01504,2475
21,02044,253
21,02368,21154
21,02638,1637
21,02656,1410
21,02674,1090
21,03376,498
21,03556,1204
21,03574,3145
21,03628,13832
21,03664,690
21,03718,638
21,04546,2148
21,04654,3498
21,04816,527
21,05068,1259
21,05374,886
21,05392,893
21,05446,5671
21,05464,335
21,05662,471
21,05824,4765
21,05842,15998
21,05968,256
21,07264,68
21,07390,71
21,07516,976
21,07858,784
21,08488,271
21,08614,163
21,08902,76212
21,09100,273
21,09226,2944
21,09406,172
21,09532,440
21,09838,1124
21,09847,244
21,09856,717
21,10000,652
21,10162,635
21,10198,303
21,10324,888
21,10612,83
21,11044,1000
21,11098,1388
21,11278,707
21,11530,642
21,11692,2713
21,11854,714
21,11872,81
21,12016,2517
21,12052,1036
21,12066,160
21,12142,848
21,12160,11653
21,12358,303
21,12538,530
21,12898,2112
21,13024,3914
21,13060,46
21,13420,1738
21,13492,2360
21,13870,414
21,13978,5800
21,15148,953
21,15202,994
21,15238,1178
21,15742,1202
21,15904,1140
21,16110,1600
21,16372,6414
21,16395,1283
21,16750,4880
21,16768,137
21,16894,19
21,17362,7841
21,17434,230
21,17686,726
21,17848,40972
21,17956,757
21,18270,302
21,18352,4550
21,18424,461
21,18442,3227
21,18496,6424
21,18568,4106
21,18658,642
21,18766,218
21,19108,1821
21,19432,6534
21,19882,17383
21,20224,2211
21,20350,5790
21,21682,908
21,22204,5403
21,22222,221
21,22348,472
21,22474,293
21,22582,2199
21,23230,1249
21,23824,2444
21,23932,8398
21,23968,1706
21,24094,170
21,24274,32978
21,24382,981
21,24400,2230
21,24778,9147
21,24904,2744
21,25300,19777
21,25552,325
21,25606,827
21,25786,228
21,26020,130
21,26236,144
21,26434,2211
21,27010,864
21,27262,837
21,27802,7227
21,27846,521
21,27856,2988
21,27982,32917
21,28270,443
21,28342,434
21,28558,8639
21,28594,16973
21,28612,6061
21,28666,221
21,28785,450
21,28900,28285
21,28918,10468
21,29080,373
21,29260,614
21,29566,2289
21,29872,480
21,30700,39462
21,30718,139
21,30808,363
21,31114,15313
21,31204,351
21,31348,585
21,31402,371
21,31420,205
21,31870,295
21,31960,923
21,32212,349
21,32428,63
21,32523,2816
21,32572,3807
21,32968,2233
21,32986,706
21,33004,1056
21,33022,4374
21,33562,1335
21,34390,748
21,34534,584
21,34552,2448
21,34732,1854
21,34966,9219
21,35020,2647
21,35200,994
21,35362,4964
21,35380,398
21,35545,1040
21,35866,27734
21,36102,1203
21,36298,2303
21,36374,119
21,36604,6612
21,36865,142
21,36982,8874
21,37108,655
21,37396,3309
21,37576,790
21,37630,511
21,37918,30813
21,38008,2258
21,38170,491
21,38670,331
21,38814,4645
21,38818,1943
21,38836,399
21,38908,286
21,39142,29503
21,39304,2854
21,39430,515
21,39646,2284
21,39664,1382
21,39700,437
21,39952,2128
21,40114,1876
21,40222,28716
21,40240,1744
21,40312,1791
21,41338,2289
21,41716,104
21,42094,103
21,42292,575
21,42598,389
21,43264,667
21,43336,862
21,43444,176
21,43480,10417
21,43606,2815
21,43668,272
21,43840,4050
21,43900,864
21,44146,12112
21,44344,6517
21,44362,1795
21,44686,6463
21,45064,775
21,45136,1732
21,46027,320154
21,46072,2003
21,46540,139
21,47062,1198
21,47098,165
21,47476,7596
21,47710,714
21,47854,2591
21,48006,622981
21,48288,599
21,48378,4332
21,48540,609
21,48558,10909
21,48648,933
21,49098,375
21,49116,804
21,49206,207
21,49368,19355
21,49656,1428
21,49800,237
21,50034,2894
21,50286,486
21,50412,181
21,50898,9713
21,51024,8687
21,51193,116
21,51258,718
21,51294,429
21,51438,470
21,51564,223
21,51924,9012
21,51978,9630
21,52140,1755
21,52302,741
21,52590,592
21,52842,178
21,53076,110
21,53130,5715
21,53328,428
21,53418,6740
21,53472,3143
21,53490,2474
21,53616,723
21,53976,361
21,54084,7571
21,54174,2456
21,54228,18637
21,54480,1014
21,54570,1711
21,54642,18086
21,54660,562
21,55092,205
21,55596,891
21,55758,813
21,55884,13812
21,56136,32425
21,56550,431
21,56730,986
21,56820,605
21,56910,977
21,56928,375
21,57090,7973
21,57144,193
21,57658,370
21,57918,1546
21,58200,1592
21,58620,60140
21,58692,1669
21,58710,1595
21,58836,26749
21,58962,4160
21,59196,10089
21,59232,613
21,59255,3149
21,59322,611
21,59934,874
21,60258,792
21,60492,1634
21,60852,7437
21,61248,1604
21,61356,2738
21,61374,584
21,61554,817
21,61788,797
21,61860,528
21,62370,375
21,62652,782
21,62940,3721
21,62958,177
21,63138,6194
21,63264,4564
21,63372,2822
21,63858,2301
21,63912,22749
21,64092,554
21,64146,155
21,65208,410
21,65226,37206
21,65559,452
21,65766,483
21,65874,445
21,65982,114
21,66216,259
21,66486,709
21,66504,923
21,67458,3644
21,67494,2794
21,67512,7398
21,67602,936
21,67638,422
21,67656,334
21,67710,280
21,67890,143
21,67944,17356
21,67998,1420
21,68052,713
21,68160,255
21,68232,1525
21,68358,197
21,68556,625
21,68646,62
21,68952,652
21,69114,4533
21,69222,1529
21,69384,659
21,69852,368
21,70050,17804
21,70086,14691
21,70284,15455
21,70644,1204
21,70752,3068
21,71130,186
21,71364,126
21,71382,238
21,71454,795
21,71688,12267
21,71724,565
21,71814,139
21,71976,3752
21,72138,0
21,72210,1064
21,72372,239
21,72660,2941
21,72770,288
21,72790,667
21,73038,823
21,73110,3698
21,73164,3183
21,74064,342
21,74082,673
21,74316,1674
21,75190,165
21,75738,6937
21,75810,1310
21,75963,92
21,76380,182
21,77160,2286
21,77592,328
21,78384,7671
21,78492,901
21,78672,709
21,79068,1398
21,79482,10491
21,79590,309
21,79698,7537
21,79734,6907
21,80490,5629
21,80616,241
21,80706,1759
21,80913,996
21,80958,304
21,81012,377
21,81372,555
21,81624,1357
21,81858,3450
21,81930,929
21,82164,567
21,82200,102
21,82272,472
21,82722,836
21,82776,1658
21,82830,579
21,83064,652
21,83172,3100
21,83208,276
21,83334,5169
21,83406,3964
21,83424,301
21,83550,6104
21,83676,19254
21,83784,2403
21,83856,578
21,84414,317
21,84432,72
21,84486,721
21,84522,218
21,84576,932
21,84864,1456
21,84891,1553
21,84900,176
21,85008,969
22,00100,10890
22,00240,2731
22,00415,7532
22,00835,1239
22,00975,43466
22,01885,4037
22,01920,810
22,02165,251
22,02655,2580
22,03110,999
22,03145,190
22,03320,230
22,03390,149
22,03985,12057
22,04020,1679
22,04055,3811
22,04580,1187
22,04615,207
22,04685,8989
22,05000,219573
22,05945,240
22,06925,2083
22,07030,1310
22,07100,4531
22,07205,182
22,07730,3385
22,08150,10343
22,08535,161
22,08920,62738
22,09165,871
22,09340,7500
22,10075,14543
22,10600,2599
22,10705,87
22,10950,3205
22,11930,234
22,12280,886
22,12420,580
22,12665,12639
22,13260,220
22,13960,29781
22,14450,256
22,14485,479
22,14660,442
22,15290,1017
22,15465,4030
22,15745,321
22,15780,1037
22,15850,544
22,15990,1311
22,16375,1391
22,16655,256
22,16830,268
22,17215,376
22,17880,1952
22,17915,751
22,18055,1678
22,18125,11618
22,18295,257
22,18650,11272
22,18790,682
22,20155,1760
22,20190,2550
22,20330,214
22,20435,9349
22,20575,2847
22,20610,9594
22,21135,278
22,21170,285
22,21240,6860
22,21450,113
22,21590,651
22,21765,441
22,21800,890
22,21835,240
22,22255,1316
22,22465,199
22,22850,192
22,23235,400
22,23620,986
22,24145,340
22,24180,1957
22,24215,129
22,24460,678
22,24565,9161
22,24775,208
22,25160,3286
22,25335,213
22,25440,2998
22,25615,190
22,25860,545
22,26140,813
22,26280,874
22,26350,286
22,26420,604
22,27155,6341
22,27190,3581
22,27435,1141
22,28660,272
22,28835,739
22,28940,439
22,29010,115
22,29220,1046
22,29640,1639
22,29745,416
22,29850,13737
22,30515,5278
22,30550,2751
22,30690,216
22,30760,763
22,30830,966
22,31250,437
22,31565,626
22,31705,3095
22,31915,17026
22,32020,543
22,32055,1125
22,32650,265
22,32755,22527
22,32930,8719
22,33210,262
22,33420,4430
22,33525,1933
22,33735,206
22,33875,1595
22,34015,742
22,35100,372
22,35870,2610
22,36045,414
22,36150,238
22,36255,31733
22,36885,209
22,37025,1650
22,37410,1256
22,37445,3106
22,37830,3950
22,37935,89
22,38075,4587
22,38092,1781
22,38285,4151
22,38355,9372
22,38670,4019
22,38775,1618
22,38985,420
22,39055,4165
22,39085,246
22,39475,63333
22,39545,2176
22,39650,332
22,39685,1228
22,39755,2066
22,40280,887
22,40735,121467
22,41050,2565
22,41155,79633
22,41400,3194
22,42800,821
22,43010,5408
22,43395,876
22,43920,108
22,44235,167
22,44655,1971
22,44690,1166
22,44900,2378
22,45040,1332
22,45460,117
22,45670,636
22,46370,240
22,46720,2914
22,47315,198
22,47560,871
22,48085,2817
22,48225,12999
22,48260,606
22,48365,4575
22,48400,1279
22,48470,2497
22,48610,825
22,48645,604
22,48750,4835
22,48925,508
22,49240,2816
22,49730,749
22,49870,497
22,49905,457
22,50010,957
22,50885,11248
22,51410,46616
22,51620,620
22,51690,196
22,51830,707
22,51970,935
22,52040,10873
22,52075,503
22,52320,597
22,52565,12
22,52740,64
22,53370,514
22,53510,484
22,53545,17195
22,53930,808
22,54035,27080
22,54175,2085
22,55000,364136
22,55105,4339
22,55420,202
22,55910,289
22,56295,271
22,56540,6437
22,56820,1371
22,57205,116
22,57450,1331
22,57590,868
22,57905,1297
22,58045,15390
22,58780,97
22,59165,634
22,59340,5636
22,59445,2648
22,60495,1470
22,60530,14034
22,60565,149
22,60670,878
22,60880,5998
22,60985,212
22,61055,607
22,61580,389
22,61615,7804
22,61790,4890
22,61825,1749
22,62105,689
22,62245,99
22,62770,510
22,63120,156
22,63645,6986
22,63680,3224
22,64100,220
22,64590,482
22,64660,3807
22,64765,539
22,64905,1316
22,65325,114
22,65710,183
22,66060,631
22,66165,891
22,66200,1459
22,66655,22233
22,67215,1517
22,67250,6733
22,67495,762
22,67600,5255
22,67880,252
22,68125,683
22,68475,8728
22,69455,143
22,70000,177959
22,70175,1079
22,70245,344
22,70385,110
22,70525,1415
22,70595,557
22,70630,797
22,70770,1006
22,70805,28510
22,71225,1572
22,71820,337
22,72170,120
22,72415,447
22,72485,4509
22,72800,129
22,73255,2365
22,73395,2535
22,73640,20400
22,73955,402
22,74060,3088
22,74690,5785
22,74760,447
22,75425,15646
22,75670,681
22,76615,305
22,76685,402
22,77490,695
22,77910,321
22,78470,3837
22,78540,468
22,78715,6167
22,78820,3103
22,78890,2942
22,79240,6394
22,79870,722
22,79940,487
22,80430,3289
22,80815,4663
22,80955,12535
22,81165,8148
22,81375,1616
22,82215,355
22,82460,3927
22,82495,4665
22,82565,748
22,83125,1730
22,83335,18002
22,83405,19968
22,83685,1609
23,02060,24793
23,02100,19102
23,02795,31628
23,03355,8844
23,03950,7069
23,04860,22367
23,06925,9646
23,09585,3126
23,10565,7431
23,21730,1300
23,23200,8711
23,27085,6159
23,30550,2613
23,38740,38404
23,55225,7431
23,60545,69104
23,60825,8677
23,63590,7031
23,64675,20960
23,65725,22251
23,71990,26840
23,80740,16823
23,82105,20564
24,00125,18006
24,00225,330
24,01600,40552
24,04000,565239
24,04250,181
24,04475,144
24,04625,458
24,05550,10490
24,06800,5346
24,06925,3265
24,07200,283
24,07850,9446
24,08625,3823
24,08775,57254
24,09500,3725
24,10225,162
24,10575,47
24,10900,8309
24,11400,149
24,12400,13176
24,13000,3952
24,14325,687
24,14950,4745
24,15400,1520
24,15925,6492
24,15950,746
24,16225,5590
24,16550,6015
24,16620,2866
24,16720,663
24,16730,791
24,16775,996
24,16787,2027
24,17050,104
24,17100,819
24,17600,370
24,18750,34187
24,18850,1555
24,20050,1298
24,20775,2486
24,21325,18751
24,22275,302
24,22600,4569
24,22725,4979
24,23025,5811
24,24200,64
24,24450,400
24,24475,17225
24,25425,1573
24,25600,46
24,25800,15968
24,26200,2959
24,27400,1489
24,27900,2804
24,28725,2593
24,30325,85793
24,30850,428
24,30900,6963
24,30950,5869
24,31100,852
24,31175,69563
24,31225,531
24,31250,114
24,31525,982
24,32500,6270
24,32900,276
24,33950,210
24,34525,958
24,34775,24360
24,35200,1925
24,36075,43553
24,36500,6395
24,36600,1557
24,37600,15032
24,37875,1105
24,37925,160
24,38500,106
24,39175,133
24,41125,2085
24,41250,20662
24,41500,4170
24,43100,1217
24,43500,2108
24,44450,293
24,45400,1764
24,45750,10878
24,45900,29400
24,46250,572
24,46475,4974
24,47525,485
24,47875,984
24,48775,82
24,49950,5527
24,50525,354
24,50965,931
24,51025,173
24,52425,5307
24,52475,478
24,52825,544
24,53625,1212
24,53800,2117
24,53875,9889
24,54275,8119
24,54875,1943
24,55400,13405
24,55650,1641
24,55925,1470
24,56300,2177
24,56375,575
24,56400,676
24,56450,4163
24,57650,1820
24,58225,6915
24,59450,600
24,61150,4480
24,62025,1637
24,62475,4401
24,62850,5720
24,63075,625
24,63225,25
24,63825,676
24,64000,3534
24,64500,190
24,64600,739
24,66000,1611
24,66275,2773
24,66635,7164
24,67400,1189
24,67675,67297
24,68600,292
24,69825,1061
24,69925,33159
24,70850,4456
24,70900,469
24,71600,564
24,71650,698
24,72900,3149
24,73075,2273
24,73350,1177
24,75650,514
24,76550,4412
24,76650,17464
24,76725,7400
24,77200,118
24,77825,6680
24,78575,1345
24,79350,953
24,79675,2379
24,79875,703
24,80600,272
24,81275,6610
24,81675,500
24,82750,1777
24,83100,20536
24,84950,977
24,85100,2086
24,86750,1174
25,00840,28406
25,01260,17303
25,01370,40277
25,02690,46654
25,03690,49709
25,05595,42318
25,07000,653833
25,07740,38490
25,08130,28818
25,09000,104890
25,11000,118214
25,13205,38319
25,13660,54838
25,19370,16031
25,21990,50318
25,23000,93840
25,23875,41579
25,24960,71875
25,25172,33125
25,25485,20974
25,26150,29959
25,27060,17628
25,29405,67415
25,30840,37628
25,34550,88172
25,35075,43627
25,37000,114296
25,37490,101241
25,37875,65133
25,38715,41179
25,39835,58744
25,40115,29357
25,40710,53455
25,45000,100695
25,45245,18731
25,45560,88415
25,46225,12483
25,46330,29370
25,46598,30943
25,52144,12315
25,52490,54056
25,53960,43076
25,55745,101597
25,56000,34487
25,56585,57954
25,59105,44744
25,62535,80407
25,63345,17880
25,67000,153672
25,69170,60412
25,72600,64477
25,73440,35256
25,76030,40509
25,77890,28424
25,78972,59114
25,81005,18319
25,81035,41647
25,82000,207621
26,00380,588
26,00440,20238
26,00620,120
26,00700,369
26,00860,779
26,00980,7329
26,01180,4125
26,01260,5162
26,01300,219
26,01380,27528
26,01540,9364
26,01660,2847
26,01740,10130
26,01800,124
26,03000,119381
26,03200,225
26,03520,1669
26,03740,511
26,03880,960
26,04080,2044
26,04105,25597
26,04120,961
26,04160,850
26,04740,2977
26,04940,990
26,05080,479
26,05140,1977
26,05320,1922
26,05500,911
26,05580,409
26,05660,336
26,05920,52175
26,06020,32082
26,06460,337
26,06660,1170
26,06900,5972
26,06980,1038
26,07020,3904
26,07060,1338
26,07520,8875
26,07580,558
26,07660,14934
26,07860,1790
26,07960,1779
26,08100,310
26,08160,10390
26,08300,7912
26,08460,1085
26,08540,1540
26,08640,21434
26,09000,3263
26,09180,4377
26,09220,516
26,09820,3831
26,09840,376
26,10160,1263
26,10180,200
26,10580,2053
26,10620,7958
26,10760,560
26,10860,2272
26,11000,1387
26,11180,1295
26,11400,4191
26,11480,772
26,11800,302
26,11920,760
26,12060,29376
26,12260,528
26,12320,10430
26,12480,1775
26,12580,679
26,12760,516
26,13140,1968
26,13220,2337
26,13400,177
26,13420,4272
26,13600,1123
26,13620,500
26,13760,644
26,13820,320
26,13860,818
26,13880,2487
26,13900,1718
26,14200,3671
26,14260,413
26,14320,8354
26,14400,977
26,14460,1321
26,14780,2347
26,14820,9242
26,14940,216
26,15000,4847
26,15020,5364
26,15140,2412
26,15920,3278
26,16140,399
26,16160,11176
26,16280,316
26,16420,309
26,16440,739
26,16480,2487
26,16620,2471
26,17020,14439
26,17100,1269
26,17320,1424
26,17360,1198
26,17460,712
26,17740,1084
26,17840,1990
26,18020,4846
26,18040,193
26,18080,205
26,18300,3022
26,18920,2296
26,19140,1612
26,19420,294
26,19560,203
26,19780,516
26,19880,5056
26,21000,105811
26,21020,60872
26,21040,1660
26,21100,878
26,21180,889
26,21780,262
26,22000,633218
26,22120,4779
26,22160,4509
26,22380,1170
26,22740,1411
26,22880,5673
26,23140,1031
26,23380,5980
26,23500,3470
26,23560,105
26,23980,11429
26,24020,2250
26,24060,421
26,24120,48528
26,24290,33676
26,24420,2680
26,24540,5165
26,24580,547
26,24740,8941
26,25000,1254
26,25040,1290
26,25180,315
26,25320,1594
26,25360,786
26,25420,361
26,25780,942
26,25940,236
26,25980,358
26,26360,12343
26,26420,3304
26,26460,412
26,26640,1765
26,27080,526
26,27380,11391
26,27440,82528
26,27500,896
26,27740,1739
26,27760,11863
26,27880,19083
26,27960,2931
26,28000,469
26,28360,10289
26,29000,79661
26,29200,8243
26,29660,85
26,29940,182
26,30040,1230
26,30060,2931
26,30200,5163
26,30260,1277
26,30340,3121
26,30420,14434
26,30580,550
26,30600,150
26,30700,4595
26,31000,1153
26,31160,320
26,31180,318
26,31200,374
26,31260,2059
26,31300,527
26,31380,187
26,31420,26325
26,31720,4374
26,32020,4873
26,32300,5237
26,32320,3117
26,32640,842
26,32980,2019
26,33260,286
26,33280,7925
26,33340,11002
26,33420,7784
26,34000,196608
26,34160,16682
26,34360,979
26,34480,1096
26,34640,1946
26,35100,8989
26,35480,5449
26,35520,9757
26,35540,11124
26,35580,15854
26,36280,27339
26,36300,4507
26,36380,472
26,36460,1576
26,36560,1270
26,36700,14895
26,36720,157
26,36800,2162
26,36860,448
26,36920,2055
26,36960,2479
26,37120,7512
26,37420,14808
26,37820,363
26,37860,973
26,38180,8443
26,38380,654
26,38460,7998
26,38640,34540
26,38700,5938
26,38920,1610
26,39080,333
26,39180,627
26,39360,8508
26,39500,1895
26,39540,10008
26,39660,343
26,39720,2362
26,39800,7879
26,40000,6260
26,40320,3744
26,40680,25056
26,40860,12249
26,40960,7519
26,40980,3032
26,41060,4957
26,41220,6183
26,41340,2813
26,41420,30854
26,41920,2171
26,42160,73126
26,42240,527
26,42260,2239
26,42460,2729
26,42780,1360
26,42820,53987
26,43220,433
26,43300,5134
26,43340,1436
26,43380,395
26,44200,1414
26,44440,288
26,44460,251
26,44480,839
26,44715,1929
26,44780,1018
26,44880,2065
26,44940,2832
26,45240,1034
26,45340,1324
26,45540,1936
26,46000,112115
26,46040,9128
26,46320,4013
26,46360,1876
26,46440,1012
26,46500,1789
26,46880,472
26,46940,352
26,47100,257
26,47180,1903
26,47280,927
26,47560,298
26,47800,38646
26,47820,4160
26,47980,1384
26,49000,92185
26,49540,4103
26,49640,7597
26,49700,1353
26,49740,315
26,49900,787
26,49980,647
26,50000,220
26,50280,592
26,50320,847
26,50560,28238
26,50620,1388
26,50660,2065
26,50720,6279
26,50760,2860
26,50880,1449
26,51200,583
26,51460,1049
26,51600,4017
26,51660,794
26,51820,1853
26,51900,21079
26,51940,6774
26,51980,401
26,52080,9917
26,52180,8153
26,52380,2756
26,52440,537
26,52540,908
26,52760,462
26,52920,152
26,52940,12402
26,52960,1062
26,52980,868
26,53020,8207
26,53180,671
26,53320,403
26,53340,602
26,53500,214
26,53760,4424
26,53780,42663
26,53920,6009
26,53960,6419
26,54120,210
26,54220,1019
26,54560,182
26,55020,20089
26,55100,2417
26,55220,316
26,55280,1709
26,55500,2222
26,55540,521
26,55560,991
26,55820,15378
26,55960,3092
26,56020,20859
26,56080,646
26,56140,545
26,56200,1963
26,56320,37183
26,56360,9815
26,56680,1611
26,56860,4653
26,57080,2542
26,57100,11992
26,57140,1424
26,57220,1693
26,57280,456
26,57380,6657
26,57520,583
26,57760,11665
26,57920,467
26,58080,1105
26,58640,4082
26,58740,502
26,58980,5982
26,59140,25005
26,59220,2837
26,59440,66314
26,59860,285
26,59920,29023
26,60580,1347
26,60660,283
26,60680,912
26,60740,404
26,60840,997
26,60860,1282
26,61020,2206
26,61220,1331
26,61600,807
26,61620,4054
26,61760,358
26,61860,1485
26,61920,259
26,61940,14581
26,62020,3449
26,62340,1893
26,62740,766
26,62980,3389
26,63260,598
26,63300,807
26,63540,902
26,63660,391
26,63700,2126
26,63800,1156
26,63820,5846
26,63900,518
26,64020,204
26,64060,1198
26,64140,2353
26,64160,1184
26,64740,3747
26,64900,2577
26,65060,9153
26,65440,61689
26,65560,49302
26,65680,655
26,65800,274
26,65820,28383
26,65860,3797
26,65900,567
26,66000,277
26,66100,3092
26,66140,376
26,66300,228
26,66640,1532
26,67280,1377
26,67500,1085
26,67820,2521
26,67900,1268
26,68240,943
26,68380,5831
26,68760,6882
26,68880,11976
26,69020,12779
26,69035,76002
26,69080,6171
26,69180,3135
26,69260,2909
26,69400,3731
26,69420,24702
26,69520,4132
26,69540,989
26,69640,358
26,69680,579
26,69800,46666
26,69880,444
26,70040,57452
26,70520,43185
26,70640,1956
26,70680,5887
26,70760,57548
26,70840,2293
26,70940,7699
26,70960,7729
26,71000,7008
26,71140,9006
26,71360,474
26,71540,2685
26,71560,763
26,71660,1381
26,71700,875
26,71740,13320
26,71860,1445
26,72080,1356
26,72180,1705
26,72840,2174
26,72960,1503
26,73100,710
26,73420,284
26,73660,861
26,74900,75687
26,74960,29002
26,74980,4001
26,75100,11941
26,75220,741
26,75280,1575
26,75420,4271
26,75700,5281
26,75820,2521
26,75860,819
26,76120,1457
26,76220,1372
26,76240,209
26,76380,799
26,76420,459
26,76460,133306
26,76500,1143
26,76560,1278
26,76960,11012
26,77420,538
26,77600,586
26,77700,5840
26,77860,1702
26,78140,1843
26,79000,61241
26,79120,8596
26,79160,668
26,79600,484
26,79720,1390
26,79760,7928
26,80340,15707
26,80420,17891
26,80700,87339
26,80820,120
26,80960,257
26,81020,140
26,81200,835
26,81360,1695
26,81420,485
26,81540,5124
26,81680,325
26,81700,526
26,81840,2698
26,81960,747
26,82020,724
26,82300,3929
26,82450,909
26,82453,2542
26,82780,1681
26,82880,550
26,82960,25289
26,83020,268
26,83060,7297
26,84000,136655
26,84500,1650
26,84880,4484
26,84940,17078
26,85080,1289
26,85580,2358
26,86000,82574
26,86120,941
26,86680,1477
26,86780,3105
26,86920,1725
26,87140,418
26,87420,3772
26,88140,17134
26,88240,284
26,88260,4436
26,88380,12559
26,88420,424
26,88900,24057
26,88940,77451
26,89000,1890
26,89140,19393
26,89260,5645
26,89320,1498
27,00172,1703
27,00190,688
27,00262,1182
27,00316,2941
27,00460,2152
27,00496,424
27,00622,2832
27,00676,92
27,00694,18269
27,00730,8527
27,00838,576
27,00892,34
27,00928,14943
27,01162,96
27,01234,465
27,01252,378
27,01324,519
27,01486,33089
27,01684,3424
27,01720,17996
27,01864,1365
27,01900,55336
27,01972,85
27,02026,9461
27,02134,534
27,02152,2305
27,02422,481
27,02548,333
27,02692,1085
27,02728,562
27,02872,1660
27,02908,26171
27,03052,108
27,03070,1693
27,03106,1376
27,03124,271
27,03160,419
27,03196,1305
27,03250,583
27,03574,2766
27,03628,605
27,03682,375
27,03718,15
27,03970,911
27,04024,935
27,04042,9092
27,04114,3788
27,04204,210
27,04456,119
27,04492,274
27,04618,5074
27,04672,82
27,04762,735
27,04798,176
27,04834,7416
27,04960,143
27,05014,84
27,05050,287
27,05068,15743
27,05104,151
27,05212,3437
27,05482,551
27,05554,475
27,05644,219
27,05680,173
27,05698,407
27,05752,12610
27,05896,138
27,06058,834
27,06076,977
27,06112,112
27,06148,963
27,06256,818
27,06382,73774
27,06490,140
27,06580,1952
27,06616,87398
27,06688,3163
27,06778,212
27,06814,80
27,07030,95
27,07048,813
27,07066,270
27,07138,140
27,07174,27
27,07282,1793
27,07300,14563
27,07336,498
27,07462,3331
27,07516,2754
27,07660,495
27,07678,350
27,07948,31688
27,07966,82017
27,07984,130
27,08038,117
27,08056,113
27,08092,641
27,08110,831
27,08164,631
27,08200,511
27,08218,553
27,08254,713
27,08290,86
27,08416,312
27,08452,16541
27,08488,636
27,08524,947
27,08794,64772
27,08902,124
27,08992,592
27,09154,6803
27,09226,2794
27,09280,181
27,09316,325
27,09370,10509
27,09496,159
27,09604,1683
27,09730,4202
27,09802,314
27,09964,487
27,10018,960
27,10144,6613
27,10252,686
27,10468,60
27,10576,635
27,10648,3927
27,10792,298
27,10846,22856
27,10900,270
27,10918,25937
27,10972,29034
27,11008,2993
27,11296,132
27,11350,5698
27,11386,4687
27,11440,410
27,11494,4919
27,11548,1360
27,11566,496
27,11602,654
27,11656,827
27,11674,691
27,11746,466
27,11764,668
27,11800,2106
27,11836,149
27,11872,765
27,11962,240
27,11980,376
27,12088,68
27,12124,128
27,12160,12570
27,12376,138
27,12394,37
27,12412,2714
27,12430,2770
27,12484,4259
27,12502,1989
27,12664,2075
27,12700,22278
27,12718,4266
27,12772,375
27,12862,99
27,12952,151
27,13006,524
27,13114,63377
27,13168,7719
27,13384,27
27,13420,499
27,13456,42056
27,13564,1138
27,13582,721
27,13708,5575
27,13780,246
27,13870,7268
27,13924,2355
27,13978,2431
27,14158,21906
27,14320,215
27,14428,323
27,14446,308
27,14518,290
27,14626,216
27,14716,445
27,14734,100
27,14770,82
27,14842,336
27,14878,1526
27,14968,1433
27,15022,10157
27,15148,3740
27,15184,332
27,15310,906
27,15346,578
27,15418,110
27,15454,7142
27,15472,170
27,15544,45
27,15616,1149
27,15670,38
27,15706,219
27,15724,170
27,15832,9981
27,15886,318
27,15976,4772
27,15994,2928
27,16030,20
27,16084,217
27,16156,34
27,16264,778
27,16300,53
27,17000,87680
27,17090,71
27,17126,1758
27,17144,75
27,17180,127
27,17288,67396
27,17342,541
27,17378,3251
27,17486,12189
27,17612,8929
27,17630,1120
27,17738,178
27,17900,238
27,18116,62166
27,18134,1061
27,18152,1249
27,18188,53348
27,18260,107
27,18368,273
27,18386,128
27,18458,1281
27,18530,1148
27,18566,167
27,18662,5048
27,18674,27342
27,18728,132
27,18746,666
27,18836,483
27,18872,116
27,18998,547
27,19088,221
27,19142,3223
27,19160,744
27,19286,863
27,19340,363
27,19556,131
27,19700,388
27,19880,71
27,19898,590
27,19934,3434
27,20078,2277
27,20114,2019
27,20222,1213
27,20330,10240
27,20420,4984
27,20546,24642
27,20618,23909
27,20690,56
27,20798,124
27,20834,168
27,20906,14214
27,20978,784
27,21032,454
27,21122,321
27,21158,404
27,21266,211
27,21338,518
27,21410,25
27,21536,2673
27,21608,169
27,21770,20685
27,21824,573
27,21932,82
27,21986,1382
27,22094,408
27,22202,122
27,22364,510
27,22472,1308
27,22526,260
27,22652,678
27,22814,30156
27,22940,216
27,22958,1333
27,22976,12
27,23120,340
27,23192,203
27,23228,119
27,23246,223
27,23300,2326
27,23318,509
27,23354,502
27,23444,72
27,23498,87
27,23660,377
27,23678,787
27,23714,1664
27,23804,217
27,23948,5672
27,24056,562
27,24074,2637
27,24182,1358
27,24308,21211
27,24344,266
27,24398,1245
27,24470,107
27,24506,547
27,24524,4087
27,24758,520
27,24884,282
27,24992,1321
27,25010,1131
27,25118,11271
27,25280,2685
27,25334,3932
27,25424,158
27,25604,674
27,25622,2865
27,25658,663
27,25874,206
27,25918,702
27,26000,327
27,26126,632
27,26216,175
27,26270,57
27,26378,300
27,26450,55
27,26576,873
27,26612,56
27,26630,560
27,26666,553
27,26738,16726
27,26828,131
27,26864,718
27,26936,863
27,26972,242
27,26990,3977
27,27008,380
27,27098,125
27,27116,181
27,27188,1042
27,27278,1139
27,27404,313
27,27530,22121
27,27566,51
27,27746,2283
27,27872,1356
27,27944,250
27,28016,54
27,28124,990
27,28214,134
27,28394,975
27,28430,601
27,28484,285
27,28520,859
27,28574,59
27,28646,390
27,28682,10202
27,28700,591
27,28754,249
27,28790,15979
27,29096,609
27,29150,22
27,29204,668
27,29258,951
27,29294,1936
27,29402,201
27,29474,710
27,29510,547
27,29582,738
27,29618,176
27,29636,306
27,29672,84
27,29870,88
27,30140,18589
27,30230,983
27,30284,2186
27,30302,1990
27,30392,16501
27,30446,39
27,30644,14701
27,30806,59
27,30842,3644
27,31040,5603
27,31076,36114
27,31094,164
27,31238,107
27,31274,568
27,31328,7370
27,31472,824
27,31526,537
27,31562,3272
27,31706,2468
27,31760,596
27,31796,340
27,31832,499
27,32012,23
27,32174,6752
27,32372,558
27,32444,684
27,32462,714
27,32498,7126
27,32570,971
27,32606,250
27,32642,431
27,32732,170
27,32750,61
27,32768,269
27,32786,64
27,32840,1878
27,32876,788
27,32912,74
27,32966,174
27,33056,486
27,33110,155
27,33164,856
27,33236,14
27,33344,185
27,33416,149
27,33866,5294
27,33920,467
27,34100,669
27,34136,172
27,34172,5315
27,34190,2502
27,34244,13756
27,34316,1717
27,34478,76
27,34622,1660
27,34658,330
27,34676,240
27,34784,719
27,34865,1008
27,34928,1121
27,35180,76243
27,35198,246
27,35288,783
27,35378,350
27,35414,840
27,35450,720
27,35612,141
27,35648,669
27,35702,75
27,35720,123
27,35738,2326
27,36134,2517
27,36404,89
27,36494,44
27,36530,50
27,36620,953
27,36728,1901
27,36746,4221
27,36800,1507
27,36818,202
27,36836,3059
27,37016,782
27,37304,5008
27,37322,22376
27,37412,200
27,37448,6541
27,37502,10297
27,37556,9095
27,37592,536
27,37970,339
27,38006,1923
27,38060,3707
27,38114,158
27,38150,4937
27,38222,608
27,38258,31
27,38366,334
27,38420,206
27,38564,4918
27,38654,517
27,38708,429
27,38888,712
27,38996,43
27,39014,380
27,39050,584
27,39140,103
27,39230,2375
27,39266,1491
27,39320,1301
27,39338,190
27,39392,1210
27,39428,8184
27,39716,53
27,39806,65
27,39878,45742
27,39986,1101
27,40166,71288
27,40220,2209
27,40256,1646
27,40310,1649
27,40346,145
27,40382,39958
27,40418,609
27,40526,116
27,40562,657
27,40688,13906
27,41138,2528
27,41210,301
27,41282,884
27,41372,135
27,41426,1368
27,41462,317
27,41480,7039
27,41534,184
27,41570,3611
27,41660,1347
27,41678,182
27,41696,11564
27,41714,101
27,41912,296
27,42092,131
27,42110,3053
27,42146,414
27,42254,99
27,42290,150
27,42362,252
27,42398,438
27,43000,425115
27,43036,97
27,43126,1348
27,43144,184
27,43198,658
27,43252,52463
27,43270,536
27,43306,8791
27,43540,51
27,43720,5235
27,43738,3508
27,43774,14831
27,43810,3906
27,43864,45202
27,43954,3004
27,44044,3787
27,44116,878
27,44242,5140
27,44296,1006
27,44368,397
27,44422,688
27,44476,8895
27,44530,12782
27,44548,2854
27,44566,1946
27,44818,298
27,44890,47
27,44944,65
27,44980,959
27,45016,66
27,45106,183
27,45196,274
27,45340,393
27,45376,409
27,45430,22228
27,45520,345
27,45556,453
27,45628,20705
27,45682,1284
27,45772,363
27,45790,5321
27,45808,8240
27,45862,1216
27,46024,81
27,46042,13925
27,46060,1355
27,46150,1112
27,46258,77
27,46294,82
27,46348,2122
27,46492,52
27,46798,11791
27,46924,21020
27,47068,14091
27,47104,5163
27,47122,154
27,47212,217
27,47221,12574
27,47520,3811
27,47536,4519
27,47680,28226
27,47690,9194
27,47914,4678
27,48058,104
27,48094,123
27,48130,203
27,48166,399
27,48184,207
27,48202,411
27,48256,2289
27,48310,831
27,48562,122
27,48580,8119
27,48598,1781
27,48634,212
27,48706,1984
27,48796,1752
27,48976,238
27,49012,2521
27,49030,225
27,49138,23241
27,49210,709
27,49300,26534
27,49498,166
27,49732,1028
27,49768,4302
27,49966,2558
27,50056,243
27,50164,2597
27,50200,224
27,50344,475
27,50416,2464
27,50470,3666
27,50506,108
27,50596,228
27,50776,1460
27,50902,521
27,51064,3711
27,51136,3871
27,51280,930
27,51316,384
27,51388,4103
27,51424,3527
27,51460,325
27,51712,273
27,51730,77648
27,52144,163
27,52450,1324
27,52522,5312
27,52558,504
27,52594,28027
27,52630,3087
27,52756,108
27,52882,525
27,53026,28560
27,53080,612
27,53098,456
27,53134,545
27,53296,788
27,53476,1336
27,53620,16756
27,53656,5059
27,53710,40
27,53782,398
27,53890,1265
27,53908,88
27,53998,2177
27,54060,4160
27,54214,36445
27,54268,1503
27,54340,78
27,54736,117
27,54808,13968
27,54880,122413
27,54934,1782
27,55006,4734
27,55078,2426
27,55186,13617
27,55276,677
27,55438,153
27,55510,129
27,55546,2692
27,55600,395
27,55726,27590
27,55852,35451
27,56014,491
27,56086,361
27,56176,1281
27,56266,3344
27,56284,1861
27,56302,803
27,56338,358
27,56428,351
27,56482,221
27,56518,217
27,56554,606
27,56572,490
27,56680,9970
27,56698,92
27,56724,3678
27,56770,2162
27,56788,4037
27,56824,731
27,56896,71013
27,56950,8442
27,57022,258
27,57040,4699
27,57130,6788
27,57202,92
27,57220,49697
27,57238,310
27,57292,344
27,57346,21034
27,58000,303820
27,58018,5371
27,58036,12291
27,58072,59
27,58090,803
27,58144,52
27,58306,321
27,58396,2473
27,58576,64
27,58612,19726
27,58648,4610
27,58684,13775
27,58738,32999
27,58900,3944
27,58936,1004
27,59098,83
27,59152,740
27,59188,45
27,59314,1195
27,59350,47158
27,59566,176
27,59620,1050
27,59782,142
27,59998,26374
27,60016,7526
27,60250,1812
27,60376,861
27,60754,284
27,60808,1977
27,60844,3482
27,61006,217
27,61114,73
27,61402,183
27,61492,20664
27,61690,1081
27,61816,1992
27,61852,1219
27,61888,69
27,61996,7049
27,62014,1640
27,62104,2459
27,62284,100
27,62320,1700
27,62446,3035
27,62500,1405
27,62662,164
27,62698,578
27,62788,473
27,62806,6904
27,62824,19240
27,62896,816
27,63022,215
27,63112,67
27,63130,25
27,63220,462
27,63454,93
27,63544,515
27,63778,333
27,64048,644
27,64156,57
27,64210,66
27,64264,132
27,64318,1054
27,64444,181
27,64570,8821
27,64948,62
27,65164,1539
27,65272,424
27,65308,2040
27,65344,38
27,65470,693
27,65506,108
27,65542,102
27,65668,1064
27,65794,83
27,65920,132
27,65938,704
27,65956,3531
27,66046,1104
27,66136,475
27,66172,363
27,66334,482
27,66388,51
27,66424,258
27,66460,12632
27,66766,354
27,66802,429
27,66874,511
27,66910,317
27,66982,269
27,67036,11493
27,67090,79
27,67144,224
27,67216,59
27,67288,8291
27,67378,2592
27,67396,728
27,67432,13742
27,67504,4331
27,67558,245
27,67612,8396
27,67756,202
27,67792,981
27,67846,736
27,67900,70
27,67918,164
27,67972,1107
27,68008,73
27,68080,184
27,68170,1559
27,68224,1959
27,68296,9221
27,68548,4791
27,68584,1752
27,68620,1017
27,68656,174
27,68674,399
27,68764,2121
27,68818,4284
27,69070,698
27,69106,2398
27,69142,165
27,69250,734
27,69304,841
27,69628,41
27,69700,21722
27,69736,93
27,69808,70
27,69844,1339
27,69970,23363
27,70258,57
27,70366,511
27,70402,155
27,70420,21335
27,70492,395
27,70582,320
27,70708,266
27,70798,4797
27,70870,174
27,70924,1383
27,71032,26029
27,71086,2225
27,71122,1328
27,71140,165
27,71338,67
27,71392,119
27,71428,79538
27,71446,375
27,71500,382
27,71680,111
27,71734,13614
27,71788,441
27,71824,169
27,71950,431
27,72022,8116
27,72184,81
27,72238,6762
27,72310,156
27,72328,4005
28,00100,385
28,00180,4860
28,00300,1565
28,00820,708
28,00940,107
28,01260,6422
28,01500,486
28,01820,287
28,02100,320
28,02140,528
28,02700,3066
28,03580,180
28,03620,7330
28,03980,10511
28,04060,1599
28,04500,660
28,04540,289
28,05100,1815
28,05140,1764
28,05220,345
28,05380,304
28,05820,237
28,06060,128
28,06220,48235
28,07060,926
28,07100,439
28,07540,421
28,07780,9081
28,08180,497
28,08300,25719
28,08460,181
28,08820,11571
28,08980,885
28,09180,1608
28,09460,783
28,09820,845
28,10060,1357
28,10140,12651
28,10460,1115
28,10580,1482
28,11100,10742
28,11580,423
28,11780,4821
28,11820,238
28,12740,1168
28,12900,1722
28,13580,269
28,13820,13850
28,14260,10401
28,14420,26698
28,14580,219
28,14740,776
28,14900,1339
28,15140,2271
28,15340,5727
28,15380,23035
28,15500,1075
28,15700,14259
28,15980,468
28,16420,412
28,16460,613
28,16620,229
28,16940,536
28,16980,246
28,17060,4681
28,18180,1920
28,18340,837
28,18940,917
28,19100,9236
28,19180,13286
28,19340,366
28,19420,67
28,20020,1704
28,20260,1181
28,20340,455
28,20380,271
28,20500,2017
28,21340,1080
28,21420,138
28,21580,937
28,22020,4544
28,22580,478
28,23220,336
28,23420,2096
28,24180,116
28,24220,430
28,24420,2015
28,24500,1358
28,24940,1634
28,24980,4753
28,25100,10675
28,25340,5279
28,26020,256
28,26060,840
28,26300,4534
28,26780,82
28,26860,19021
28,26980,247
28,27540,375
28,27660,139
28,27820,859
28,27900,3308
28,27940,187
28,28220,1181
28,29180,27644
28,29340,13421
28,29460,12267
28,29700,72823
28,29900,277
28,29940,2427
28,30980,489
28,31020,48414
28,31220,3479
28,31420,616
28,31780,18239
28,31980,406
28,32020,481
28,32900,2162
28,33100,6732
28,33700,26468
28,33900,3713
28,34740,9003
28,35020,805
28,35220,590
28,35260,1549
28,35300,3077
28,36000,143709
28,36800,902
28,37040,426
28,37560,587
28,38320,6842
28,38360,162
28,38600,468
28,39080,1134
28,39640,16979
28,39840,3767
28,39880,55
28,40280,3693
28,40360,154
28,40600,1447
28,40640,537
28,41680,16991
28,42200,266
28,42240,168
28,42280,5913
28,42440,3055
28,42600,190
28,42640,1643
28,42960,270
28,42980,758
28,43280,11914
28,43400,105
28,43840,316
28,44240,2455
28,44520,27987
28,44600,3938
28,44680,1830
28,44920,1140
28,44960,241
28,45120,195
28,45160,1690
28,45240,1283
28,45720,855
28,46000,407
28,46200,441
28,46600,2145
28,46640,33551
28,46720,348
28,46880,760
28,48240,312
28,48560,1384
28,48640,102
28,48760,1832
28,48800,199
28,49080,3621
28,49240,11890
28,49320,1417
28,49520,875
28,50280,488
28,50440,13933
28,50880,1892
28,51000,7706
28,51040,537
28,51360,367
28,51420,687
28,51720,3108
28,52400,381
28,52880,377
28,53200,455
28,53520,18997
28,53680,2443
28,54040,47029
28,54640,367
28,54840,27008
28,54920,173
28,54960,198
28,55000,102
28,55360,21582
28,55400,6255
28,55760,28117
28,56200,1286
28,56800,11403
28,56960,6921
28,57160,11862
28,57200,837
28,58360,154
28,58440,843
28,58960,587
28,59160,5882
28,59240,261
28,59480,2818
28,59560,1170
28,59720,404
28,59920,925
28,60360,347
28,60480,1943
28,60720,1973
28,60840,1087
28,61160,1881
28,61890,691
28,62400,7400
28,62480,896
28,62520,24459
28,62560,273
28,62600,5338
28,63560,1509
28,63720,1460
28,64080,472
28,64200,2485
28,64800,128
28,64840,4955
28,64920,621
28,65560,1686
28,65680,38
28,66080,222
28,66160,726
28,66280,259
28,66400,294
28,66440,8287
28,66720,1480
28,67000,1363
28,67040,1870
28,67200,626
28,67520,390
28,67640,383
28,67840,299
28,67920,163
28,67960,172
28,68320,98
28,68400,337
28,68720,512
28,68960,292
28,69160,403
28,69280,56851
28,70240,25444
28,70320,461
28,70760,843
28,71320,202
28,71480,1455
28,71520,250
28,71560,2064
28,71600,895
28,72040,84
28,72360,400
28,72400,1112
28,72440,1630
28,72680,1479
28,72760,694
28,73720,363
28,73760,287
28,74400,472
28,74760,898
28,74840,37675
28,75040,2418
28,75160,1471
28,75360,2004
28,75760,615
28,75880,881
28,76320,1058
28,76560,2732
28,76720,20192
28,77400,1389
28,77480,682
28,77520,506
28,77640,114
28,78000,3381
28,78200,6990
28,78360,4534
28,78480,384
28,78520,440
28,78640,1796
28,78680,136
28,79120,9770
28,80160,4259
28,80760,4079
28,80800,139
28,81000,114
28,81120,864
28,81520,9754
29,00244,1756
29,00262,1335
29,00298,649
29,00424,803
29,00496,531
29,00514,1705
29,00568,69
29,00604,106
29,00712,46
29,00748,94
29,00802,394
29,00910,171
29,00928,340
29,00964,705
29,01018,238
29,01054,26
29,01072,134
29,01090,221
29,01198,2064
29,01252,12
29,01270,246
29,01288,178
29,01522,1077
29,01576,21
29,01630,392
29,01648,608
29,01702,1262
29,01720,40
29,01828,145
29,01864,53
29,01954,241
29,01972,21059
29,02034,77
29,02044,59
29,02098,191
29,02188,1505
29,02242,4995
29,02422,376
29,02512,264
29,02530,80
29,02548,7512
29,02638,1014
29,02674,3157
29,02746,100
29,02800,431
29,02962,44
29,03052,194
29,03124,80
29,03160,30410
29,03322,121
29,03340,192
29,03376,164
29,03556,226
29,03592,6217
29,04114,731
29,04132,457
29,04150,1381
29,04222,10370
29,04248,184
29,04330,336
29,04348,1355
29,04366,2078
29,04384,25534
29,04798,908
29,04834,105
29,04888,259
29,04906,8031
29,04960,1834
29,04996,701
29,05068,2923
29,05104,128
29,05248,458
29,05266,630
29,05464,6
29,05495,73
29,05626,1176
29,05734,557
29,05824,188
29,05878,1240
29,05950,218
29,06004,6538
29,06148,178
29,06238,97
29,06256,504
29,06346,206
29,06382,1738
29,06454,683
29,06526,306
29,06652,60539
29,06742,214
29,06832,163
29,06922,161
29,06976,11338
29,07102,6522
29,07318,7782
29,07426,209
29,07534,1529
29,07660,4341
29,07876,63
29,07948,128
29,07966,12897
29,07989,497
29,08002,238
29,08038,754
29,08128,251
29,08164,4348
29,08236,8070
29,08398,11261
29,08470,47
29,08614,162
29,08650,4072
29,08776,103
29,08884,214
29,08902,71
29,08974,72
29,09046,797
29,09388,408
29,09424,2877
29,09514,3462
29,09642,415
29,09658,337
29,09694,297
29,09838,498
29,10054,4257
29,10144,391
29,10240,3185
29,10288,2024
29,10342,283
29,10360,203
29,10432,133
29,10450,403
29,10468,4520
29,10486,248
29,10612,1122
29,10738,175
29,10792,478
29,10810,4058
29,10828,7324
29,10864,1525
29,11026,150
29,11134,2736
29,11242,40508
29,11350,533
29,11368,8379
29,11566,3478
29,11638,1853
29,11656,15556
29,11692,5228
29,11728,291
29,11890,3230
29,12052,38
29,12376,201
29,12592,538
29,12664,291
29,12682,191
29,12718,164
29,12898,4728
29,12988,3025
29,13006,104
29,13015,107
29,13060,378
29,13078,8
29,13330,1274
29,13366,4483
29,13390,16
29,13600,49166
29,13654,292
29,13690,9044
29,13852,202
29,13978,720
29,14068,248
29,14140,256
29,14158,247
29,14176,2543
29,14194,376
29,14212,956
29,14554,1353
29,14572,17461
29,14662,151
29,14770,639
29,14788,3015
29,14806,34
29,14896,86
29,14986,9416
29,15130,54
29,15220,262
29,15274,152
29,15436,1167
29,15562,132
29,15670,129330
29,15760,41
29,15922,171
29,16102,2346
29,16115,47
29,16192,735
29,16228,1006
29,16336,322
29,16408,423
29,16462,0
29,16588,114
29,16678,6043
29,16802,2497
29,16822,994
29,16876,71
29,16984,173
29,17056,104
29,17074,1513
29,17164,326
29,17218,12175
29,17272,18457
29,17344,916
29,17524,124
29,17632,4717
29,17650,502
29,17660,396
29,17668,3198
29,17902,203
29,17992,232
29,18118,7
29,18253,13803
29,18316,68
29,18658,502
29,18730,374
29,18802,38
29,18946,237
29,19018,4811
29,19072,375
29,19090,55
29,19162,32
29,19198,129
29,19216,4869
29,19252,6493
29,19270,9099
29,19378,82
29,19396,7878
29,19432,872
29,19486,157
29,19504,313
29,19630,1213
29,19792,1801
29,19828,573
29,19918,86
29,19990,300
29,20134,943
29,20296,101
29,20314,1864
29,20512,2327
29,20674,281
29,20980,292
29,21034,224
29,21052,2870
29,21214,202
29,21250,605
29,21322,1009
29,21376,842
29,21484,4602
29,21502,3595
29,21844,773
29,21898,9801
29,21916,422
29,21988,51
29,22006,40
29,22024,111
29,22114,2051
29,22250,219
29,22276,523
29,22312,202
29,22474,484
29,22600,399
29,22672,48
29,22834,13092
29,22951,17
29,22996,283
29,23032,390
29,23077,230
29,23086,10612
29,23122,749
29,23266,621
29,23338,1609
29,23428,450
29,23518,426
29,23662,255
29,23698,266
29,23752,18362
29,23842,2805
29,23950,4048
29,23986,17996
29,24058,650
29,24094,13443
29,24120,228
29,24184,176
29,24328,311
29,24562,115
29,24580,114
29,24688,846
29,24706,705
29,24778,51128
29,24886,101
29,25012,805
29,25066,246
29,25120,616
29,25192,2782
29,25228,20
29,25372,79
29,25411,185
29,25552,349
29,25624,68
29,25768,4518
29,25822,412
29,25894,492
29,25912,183
29,25957,1092
29,26000,1
29,26092,244
29,26110,3727
29,26182,12473
29,26218,774
29,26254,476
29,26308,1854
29,26362,166
29,26434,1579
29,26578,168
29,26776,56
29,26866,1342
29,26902,16
29,26920,69
29,26974,728
29,27028,175
29,27064,332
29,27100,34
29,27190,27329
29,27208,1079
29,27262,531
29,27280,60
29,27334,6051
29,27370,114
29,27514,182
29,27676,657
29,27874,1282
29,27928,625
29,28036,1527
29,28072,146
29,28090,16609
29,28108,2081
29,28170,105
29,28180,229
29,28198,49
29,28324,25436
29,28360,23
29,28594,789
29,28630,921
29,28828,134
29,29116,212
29,29134,578
29,29152,631
29,29206,1230
29,29324,2664
29,29332,600
29,29422,386
29,29476,440
29,29494,6123
29,29692,60
29,29764,77
29,29908,373
29,29962,153
29,29998,1732
29,30016,104
29,30034,1694
29,30196,1956
29,30214,16838
29,30322,559
29,30466,62
29,30484,286
29,30610,9852
29,30718,137
29,30754,625
29,30862,31
29,31024,736
29,31132,2310
29,31168,479
29,31204,135
29,31276,24863
29,31654,273
29,31708,5245
29,31762,2186
29,31780,638
29,31924,444
29,31960,4757
29,31996,182
29,32068,983
29,32248,3502
29,32266,1181
29,32410,47
29,32536,597
29,32572,2273
29,32590,181
29,32626,114
29,32662,4661
29,32752,472
29,32770,4677
29,32806,192
29,32824,72
29,33004,447
29,33076,507
29,33238,2185
29,33256,197
29,33292,224
29,33364,258
29,33652,151
29,33706,934
29,33724,283
29,33742,88
29,33760,134
29,33850,351
29,33868,30
29,33886,1357
29,33904,154
29,33922,183
29,34210,42
29,34228,722
29,35000,120922
29,35186,587
29,35240,639
29,35306,78
29,35324,12
29,35396,368
29,35450,646
29,35468,1447
29,35648,15742
29,36224,121
29,36314,71
29,36332,567
29,36368,331
29,36422,388
29,36512,875
29,37000,42552
29,37178,12836
29,37214,166
29,37574,771
29,37592,53095
29,37700,543
29,37736,282
29,37790,1975
29,38000,510704
29,38072,11060
29,38216,551
29,38306,10117
29,38468,445
29,38522,271
29,38612,2395
29,38684,135
29,38774,829
29,38792,134
29,38846,296
29,38918,245
29,38972,260
29,39008,201
29,39026,17483
29,39044,29174
29,39188,2891
29,39278,189
29,39440,198
29,39512,647
29,39566,299
29,39602,505
29,39656,8880
29,39764,803
29,39845,109
29,39952,297
29,39980,2515
29,40034,2200
29,40043,18661
29,40088,1514
29,40196,777
29,40214,235
29,40322,931
29,40340,1715
29,40376,4302
29,40430,173
29,40520,1008
29,40592,383
29,40610,677
29,40682,1239
29,40736,156
29,40790,134
29,40826,2267
29,40916,1047
29,40988,2526
29,41024,767
29,41078,1167
29,41114,316
29,41132,631
29,41168,15429
29,41348,104184
29,41402,538
29,41546,55
29,41690,135
29,41762,75
29,41834,93
29,41852,506
29,41870,4585
29,41906,637
29,42032,30794
29,42464,2967
29,42536,929
29,42608,1200
29,43238,1424
29,43274,223
29,43292,275
29,43454,55
29,43468,975
29,43472,39
29,43490,856
29,43652,177
29,43672,985
29,43760,1744
29,43940,91
29,44156,136
29,44174,3248
29,44282,646
29,44372,56
29,44390,109
29,44498,31
29,44516,71
29,44768,14
29,44829,224
29,45020,120
29,45200,81
29,45326,5495
29,45470,520
29,45596,278
29,45614,3524
29,45632,187
29,45668,18012
29,45740,1284
29,45830,8041
29,45848,1375
29,45866,2110
29,46172,2086
29,46208,2180
29,46244,188
29,46316,13642
29,46388,7845
29,46406,370
29,46424,1283
29,46460,257
29,46586,27575
29,46640,10309
29,46730,506
29,46946,1093
29,46964,215
29,47036,415
29,47270,1718
29,47288,164
29,47486,259
29,47520,2018
29,47540,70
29,47594,179
29,47612,18
29,47648,11507
29,47684,147
29,47900,170
29,48062,1759
29,48098,27
29,48134,75
29,48242,711
29,48386,157
29,48476,58
29,48566,272
29,48656,900
29,48710,228
29,48880,123
29,48980,218
29,49034,13296
29,49070,186
29,49088,2096
29,49196,10000
29,49394,2655
29,49574,2801
29,49592,104
29,49664,389
29,49790,99
29,49898,696
29,49988,673
29,50060,94
29,50078,396
29,50168,99
29,50204,4017
29,50312,1012
29,50330,77
29,50402,4645
29,50438,2674
29,50510,63
29,50528,77
29,50672,4571
29,51140,209
29,51302,446
29,51356,230
29,51446,314
29,51500,149
29,51572,13328
29,51644,8262
29,51662,55
29,51680,737
29,51716,332
29,51734,153
29,51770,641
29,51824,1017
29,51860,227
29,51914,2389
29,52058,968
29,52076,2623
29,52148,538
29,52292,212
29,52328,109
29,52418,408
29,52616,25405
29,52742,2180
29,52760,630
29,52796,4213
29,53102,5534
29,53138,21
29,53174,291
29,53408,3583
29,53454,612
29,53462,873
29,53516,104
29,53534,376
29,53624,8907
29,53650,400
29,53750,1370
29,53786,238
29,53804,127
29,53858,363
29,53894,196
29,53948,185
29,54038,5638
29,54074,94074
29,54200,71
29,54416,269
29,54560,118
29,54650,8843
29,54686,715
29,54758,1205
29,54848,834
29,54920,2895
29,54938,740
29,55244,4856
29,55352,375
29,55388,971
29,55424,24
29,55478,444
29,55550,15496
29,55640,2796
29,55766,22907
29,55910,7554
29,55964,2506
29,56036,3600
29,56144,1153
29,56226,155
29,56272,8759
29,56288,8859
29,56306,650
29,56342,519
29,56360,133
29,56396,883
29,56414,426
29,56432,83
29,56468,26
29,56558,339
29,56612,61
29,56620,97
29,56756,6101
29,56882,37
29,56900,49
29,57080,684
29,57116,8506
29,57278,6064
29,57368,166
29,57404,145
29,57422,1861
29,57494,1265
29,57512,66
29,57602,678
29,57656,682
29,57800,2683
29,57818,826
29,58088,90
29,58178,4828
29,58196,393
29,58250,2240
29,58394,8679
29,58448,685
29,58520,2726
29,58628,94
29,58898,46
29,58916,508
29,59096,16132
29,59150,325
29,59186,2764
29,59330,2540
29,59420,43
29,59726,263
29,59816,121
29,59870,167
29,59942,988
29,60140,318
29,60158,140
29,60176,1049
29,60284,861
29,60356,559
29,60428,468
29,60590,58
29,60716,420
29,60734,368
29,60752,25306
29,60788,29097
29,60842,49
29,60986,164
29,61094,92
29,61112,1242
29,61166,150
29,61184,252
29,61238,20144
29,61292,75
29,61328,139
29,61364,43
29,61418,1247
29,61562,1736
29,61670,5958
29,61706,9058
29,61886,104
29,61904,378
29,61994,265
29,62030,67
29,62056,5
29,62156,4417
29,62192,2327
29,62210,74
29,62228,41
29,62498,210
29,62570,827
29,62660,4649
29,62696,1227
29,62786,140
29,62894,5087
29,62912,20423
29,63074,95
29,63110,396
29,63200,120
29,63236,65
29,63560,100
29,63596,217
29,63704,791
29,63776,83
29,63857,318
29,63902,318
29,63956,12658
29,64082,71800
29,64136,4716
29,64172,41
29,64180,5037
29,64190,427
29,64424,3903
29,64478,6460
29,64550,70634
29,65000,281754
29,65018,1215
29,65034,307
29,65108,3622
29,65126,59413
29,65144,5457
29,65162,223
29,65234,4713
29,65450,1567
29,65990,1389
29,66044,5072
29,66134,226
29,66337,197
29,66368,4348
29,66440,22086
29,66476,188
29,66530,881
29,66638,1519
29,66674,2293
29,66800,1909
29,67178,1567
29,67196,505
29,67214,436
29,67358,141
29,67628,366
29,67632,107
29,67700,6243
29,67718,316
29,67790,16085
29,67808,264
29,68132,234
29,68204,1802
29,68384,506
29,68420,10785
29,68852,23
29,68870,63
29,68888,121
29,68942,13
29,69230,969
29,69302,1946
29,69464,225
29,70000,170188
29,70270,1148
29,70414,131
29,70558,1720
29,70576,1443
29,70648,168
29,70738,734
29,70828,1792
29,70954,13
29,70990,172
29,71008,214
29,71026,37
29,71044,1049
29,71062,2703
29,71098,115
29,71224,945
29,71368,3204
29,71440,6829
29,71512,469
29,71620,79
29,71728,502
29,71746,9041
29,71890,1309
29,72034,545
29,72106,159
29,72196,74
29,72232,275
29,72304,1167
29,72340,1458
29,72826,1898
29,72898,200
29,73127,6
29,73240,60
29,73330,136
29,73348,47
29,73420,2637
29,73618,11553
29,73690,315
29,73816,5622
29,73852,639
29,73870,36
29,73942,14591
29,73978,923
29,74014,67
29,74176,124
29,74194,191
29,74284,585
29,74473,40
29,74626,13000
29,75130,378
29,75166,1709
29,75202,63
29,75220,34096
29,75238,304
29,75310,403
29,75346,473
29,75364,218
29,75472,6725
29,75580,761
29,75688,2959
29,75706,62
29,75724,185
29,75796,1245
29,75814,849
29,75886,516
29,75922,2639
29,76012,658
29,76102,576
29,76157,2496
29,76246,1926
29,76390,36
29,76444,74
29,76660,201
29,76840,640
29,76966,286
29,77002,1631
29,77092,19673
29,77128,9298
29,77146,2328
29,77182,1982
29,77200,412
29,77416,15450
29,77848,56
29,77866,801
29,77920,420
29,77992,5455
29,78028,78
29,78046,2111
29,78064,396
29,78118,13325
29,78154,23449
29,78314,5263
29,78334,92
29,78352,754
29,78370,1583
29,78406,1006
29,78424,99
29,78442,47497
29,78514,350
29,78622,112
29,78838,113
29,78856,1811
29,78910,377
29,78928,12598
29,79000,280
29,79054,308
29,79090,287
29,79126,677
29,79180,223
29,79558,61
29,79612,85
29,79756,423
29,79820,34851
29,79882,6521
29,80026,272
29,80098,2219
29,80260,75
29,80314,1403
29,80350,2844
29,80380,357
29,80422,1602
29,80512,981
29,80548,235
29,80767,754
29,80962,3871
29,81016,30
29,81070,62
29,81106,60
29,81124,5354
29,81142,209
29,81178,214
30,00700,527
30,01675,9673
30,03400,263
30,03475,1800
30,04300,99
30,04975,12509
30,05275,523
30,06250,588
30,06475,1686
30,06550,120864
30,08575,1283
30,08950,57305
30,09475,714
30,09700,469
30,09775,138
30,10375,1005
30,11397,35701
30,12775,587
30,14200,853
30,14575,1160
30,14650,1787
30,14950,572
30,15550,346
30,16525,2055
30,16600,5723
30,16825,1906
30,17275,2402
30,18475,718
30,18775,3017
30,19300,860
30,19825,3030
30,20425,212
30,20800,4176
30,21025,126
30,21850,296
30,22600,314
30,23125,2138
30,23650,410
30,24475,1047
30,24850,1533
30,25225,784
30,25300,866
30,26800,60
30,27700,1616
30,28000,1425
30,28450,235
30,29500,186
30,29575,422
30,30400,203
30,31075,3180
30,31450,4796
30,32575,115
30,32800,60422
30,33775,5268
30,34225,3709
30,34375,756
30,34450,949
30,35050,9330
30,35600,34464
30,36400,130
30,36700,184
30,37825,617
30,38350,278
30,38950,19
30,39700,620
30,39925,365
30,40000,106
30,40075,29886
30,40525,161
30,42700,7193
30,42850,139
30,43375,6149
30,43450,3169
30,43525,217
30,43975,8908
30,44275,429
30,47425,1872
30,47575,2109
30,48775,244
30,49000,145
30,49525,8438
30,50200,77757
30,51550,202
30,52900,294
30,53200,40
30,55525,73
30,56050,82
30,57175,910
30,57700,865
30,58150,1222
30,58375,1647
30,58450,169
30,58750,5613
30,58975,727
30,61525,2610
30,62200,86
30,62275,164
30,64150,2172
30,64525,1960
30,64975,225
30,65050,161
30,65275,820
30,66925,983
30,67450,3270
30,67600,761
30,67900,6112
30,70675,410
30,71200,2210
30,72175,351
30,72625,925
30,73675,574
30,73825,1472
30,73975,1986
30,74575,2133
30,75025,899
30,75475,385
30,76225,551
30,77125,242
30,77650,659
30,78925,165
30,79525,1222
30,79825,9163
30,79900,1080
30,80050,1022
30,80350,449
30,81025,174
30,81100,209
30,81475,2517
31,00205,66
31,00240,616
31,00415,1590
31,00555,1680
31,00625,643
31,00730,139
31,00870,354
31,00905,8056
31,00975,1027
31,01150,116
31,01290,198
31,01465,11
31,01500,108
31,01535,469
31,01780,963
31,01850,279
31,01990,1311
31,02095,591
31,02200,120
31,02305,3367
31,02375,195
31,02550,1310
31,02620,105
31,02655,3507
31,02690,4704
31,02795,183
31,02830,766
31,02865,85
31,03005,493
31,03040,20
31,03075,88
31,03145,106
31,03180,264
31,03215,549
31,03250,1185
31,03285,1124
31,03355,23
31,03390,12262
31,03495,530
31,03530,370
31,03600,167
31,03635,640
31,03775,111
31,03810,99
31,03950,63922
31,04020,409
31,04160,54
31,04195,203
31,04230,768
31,04300,1080
31,04405,1966
31,04615,714
31,04650,73
31,04895,401
31,05140,201
31,05350,7967
31,05455,951
31,05490,109
31,05560,795
31,05630,275
31,06015,607
31,06050,280
31,06085,368
31,06120,352
31,06260,8
31,06295,1448
31,06400,67
31,06470,96
31,06505,123
31,06610,3542
31,06750,142
31,06785,311
31,06820,272
31,06855,98
31,06890,154
31,07065,76
31,07205,54
31,07310,10
31,07345,1055
31,07415,111
31,07485,274
31,07555,85
31,07625,804
31,07660,567
31,07730,1074
31,07870,261
31,07975,86
31,08010,186
31,08150,619
31,08185,474
31,08220,377
31,08360,73
31,08535,3090
31,08570,972
31,08605,5145
31,08675,286
31,08780,264
31,08885,851
31,09095,212
31,09165,341
31,09200,634
31,09270,261
31,09375,728
31,09445,324
31,09655,38
31,09760,167
31,09865,515
31,10005,115
31,10110,24464
31,10180,72
31,10250,120
31,10390,311
31,10495,95
31,10600,34
31,10635,514
31,10740,30
31,10985,22
31,11020,3933
31,11055,45
31,11090,203
31,11195,824
31,11230,1116
31,11300,175
31,11370,7488
31,11440,759
31,11475,72
31,11615,517
31,11825,824
31,11860,34
31,12000,2047
31,12070,289
31,12105,73
31,12140,276
31,12245,304
31,12280,125
31,12315,3024
31,12420,145
31,12455,152
31,12525,411
31,12770,189
31,12840,725
31,12945,42
31,13015,514
31,13085,257
31,13190,183
31,13225,78
31,13295,575
31,13365,811
31,13435,610
31,13505,173
31,13750,122
31,13855,168
31,13890,387
31,13960,81
31,14065,230
31,14100,1207
31,14380,85
31,14450,427
31,14520,110
31,14555,196
31,14730,707
31,14975,64
31,15360,978
31,15430,685
31,15500,103
31,15570,637
31,15605,49
31,15710,806
31,15815,46
31,15920,110
31,16025,89
31,16165,398
31,16270,376
31,16340,520
31,16410,3832
31,16445,333
31,16550,590
31,16655,4045
31,16725,176
31,16760,135
31,16830,121
31,16935,647
31,17110,133
31,17145,1099
31,17320,45
31,17530,909
31,17670,27602
31,17775,927
31,17810,1221
31,17880,175
31,17950,31
31,18230,205
31,18300,57
31,18405,2135
31,18475,868
31,18580,8531
31,18615,1912
31,18720,30
31,18825,415
31,19070,268
31,19245,175
31,19350,1444
31,19385,3430
31,19455,110
31,19595,52622
31,19910,1136
31,20050,403
31,20190,611
31,20225,222
31,20260,9054
31,20295,2
31,20365,198
31,20435,187
31,20470,293
31,20540,139
31,20610,292
31,20680,64
31,20750,30
31,20785,438
31,20960,52
31,20995,93
31,21240,240
31,21275,1499
31,21345,945
31,21415,24896
31,21660,223
31,21730,575
31,21765,59
31,21835,80
31,21905,1388
31,22045,767
31,22080,1084
31,22115,22
31,22150,129
31,22185,246
31,22290,624
31,22325,3161
31,22430,367
31,22605,200
31,22640,5542
31,22815,186
31,22920,517
31,23025,784
31,23200,135
31,23235,272
31,23270,183
31,23340,561
31,23375,170
31,23410,59
31,23445,790
31,23480,854
31,23550,33
31,23655,150
31,23690,1969
31,23830,518
31,23970,364
31,24075,99
31,24285,158
31,24355,202
31,24530,97
31,24670,312
31,24740,46
31,24915,46
31,24950,742
31,25055,34362
31,25160,916
31,25230,373
31,25405,68
31,25475,2192
31,26175,25
31,26350,948
31,26385,16346
31,26420,272
31,26455,46
31,26560,439
31,26630,111
31,26805,167
31,26875,58
31,26910,10816
31,26980,33
31,28000,294757
31,28105,286
31,28245,93
31,28350,219
31,28420,316
31,29050,296
31,29085,392
31,29175,35
31,29260,1408
31,29470,1062
31,29645,28
31,29715,254
31,29750,187
31,29855,813
31,29925,7253
31,29960,477
31,30030,65
31,30065,37
31,30240,2189
31,30275,231
31,30310,45
31,30345,471
31,30380,96
31,30415,175
31,30730,240
31,30940,77
31,31045,59
31,31115,149
31,31220,249
31,31325,268
31,31395,633
31,31465,273
31,31570,109
31,31640,110
31,31780,348
31,31815,88
31,32060,2211
31,32130,127
31,32200,248
31,32305,709
31,32340,3136
31,32410,1527
31,32550,0
31,32585,289
31,32760,27
31,32830,925
31,32865,125
31,33250,461
31,33320,277
31,33425,500
31,33530,85
31,33565,85
31,33705,7414
31,33740,173
31,33775,1515
31,33880,459
31,33950,115
31,33985,17
31,34090,267
31,34230,642
31,34265,68
31,34300,299
31,34370,363
31,34545,21
31,34615,26147
31,34650,35
31,34720,1244
31,34825,247
31,35000,22523
31,35245,52
31,35385,271
31,35490,1359
31,35560,22
31,35665,140
31,35700,108
31,35735,257
31,35980,4680
31,36015,122
31,37000,483335
31,37105,3575
31,37140,49
31,37210,354
31,37280,2078
31,37420,333
31,37525,872
31,37560,770
31,37595,796
31,37630,166
31,37770,591
31,37910,701
31,38085,166
31,38130,283
31,38160,440
31,38190,567
31,38225,230
31,38295,23791
31,38575,846
31,38610,511
31,38750,1053
31,38960,598
31,38995,324
31,39030,327
31,39065,185
31,39100,1822
31,39135,242
31,39170,1264
31,39310,330
31,39345,6808
31,39380,208
31,39450,378
31,39590,357
31,39660,343
31,39695,895
31,39870,343
31,39975,296
31,40360,57
31,40430,75
31,40570,22
31,40605,6401
31,40675,877
31,40710,1382
31,40780,154
31,40920,946
31,41130,138
31,41235,56
31,41375,73
31,41480,362
31,41515,242
31,41760,54
31,41830,210
31,42075,89
31,42145,80
31,42250,152
31,42355,258
31,42495,57
31,42670,144
31,42775,784
31,42810,106
31,43055,711
31,43090,89
31,43265,2427
31,43370,83
31,43475,424
31,43685,487
31,43755,37
31,44035,6529
31,44070,297
31,44245,14305
31,44280,810
31,44420,7672
31,44595,734
31,44700,1045
31,45085,348
31,45190,17
31,45225,156
31,45295,6440
31,45400,321
31,45575,59
31,45610,242
31,45680,94
31,46030,13856
31,46135,425
31,46275,384
31,46380,134
31,46520,1509
31,46625,246
31,46695,156
31,46800,1526
31,46835,227
31,46870,246
31,47010,48
31,47080,57
31,47115,145
31,47150,470
31,47220,33
31,47290,22
31,47360,32
31,47395,304
31,47465,1155
31,47500,502
31,47675,244
31,47815,1826
31,47850,43
31,47920,1233
31,47955,1453
31,48060,74
31,48235,1974
31,48270,234
31,48305,205
31,48410,50
31,48445,137
31,48480,1670
31,48515,1715
31,48585,1045
31,48690,51
31,48760,211
31,48900,115
31,48935,989
31,49005,114
31,49145,501
31,49285,197
31,49425,227
31,49460,191
31,49530,301
31,49635,199
31,49880,124
31,49915,828
31,49950,2631
31,50020,3236
31,50125,605
31,50230,153
31,50335,39
31,50370,540
31,50510,158
31,50790,72
31,50895,304
31,50965,4987
31,51070,1507
31,51175,302
31,51245,682
31,51595,131
31,51630,72
31,51665,912
31,51700,523
31,51735,578
31,51770,4458
31,51840,6165
31,52015,1062
31,52085,69
31,52295,222
31,52540,250
31,52575,3458
31,52925,59
31,52960,1931
31,52995,330
31,53240,74
31,53275,888
31,53345,50
31,53380,372
31,53415,20
31,53450,1228
31,53520,231
31,53555,48
31,53660,1158
31,53835,1344
31,53905,217
31,54045,8180
31,54115,1425
32,06500,14828
32,08500,971
32,08900,1990
32,09700,58036
32,22500,20785
32,23500,3907
32,24100,9577
32,24900,24744
32,31900,337305
32,40000,660929
32,43000,1799
32,46000,22786
32,51800,284771
32,60600,274915
32,68400,110323
32,83000,1244
32,83730,4499
32,84800,8261
32,85400,3194
33,05140,9459
33,12900,13111
33,14200,44629
33,18820,33485
33,27380,8790
33,39300,22917
33,40180,17142
33,41300,15342
33,45140,115474
33,50260,91003
33,62900,22733
33,65140,33519
33,69940,12192
34,00100,9130
34,00700,6791
34,00730,466
34,00760,1724
34,01030,2348
34,01090,1750
34,01330,603
34,01960,15391
34,02080,38464
34,02110,4383
34,02200,8716
34,02230,990
34,02320,1218
34,02440,1933
34,03130,652
34,03250,7069
34,03520,965
34,03580,70300
34,03940,1069
34,04180,11153
34,04750,11724
34,04930,5816
34,04990,2536
34,05170,28274
34,05440,7534
34,05590,7837
34,05740,2514
34,06340,7598
34,06370,796
34,06490,9606
34,06610,8821
34,06670,4021
34,06790,12371
34,06970,4219
34,07300,808
34,07600,26763
34,07750,4920
34,07810,7602
34,08170,1813
34,08680,4489
34,08920,10024
34,09040,8133
34,09250,8834
34,09280,1013
34,10000,71100
34,10270,2757
34,10330,299
34,10480,6333
34,10750,25281
34,12100,9275
34,12550,1546
34,12580,1678
34,13360,8948
34,13420,5465
34,13570,25570
34,13690,88461
34,13720,2781
34,13810,8544
34,14260,14204
34,15160,481
34,15820,9118
34,16660,888
34,17530,4846
34,18070,18435
34,18400,18234
34,18490,8176
34,19360,2428
34,19390,69556
34,19510,10421
34,19840,13496
34,20020,14678
34,20350,4385
34,21000,135829
34,21240,1368
34,21300,21256
34,21450,7251
34,21480,29624
34,21510,5321
34,21570,2342
34,21840,2138
34,21870,1679
34,22440,6109
34,22470,35564
34,22560,14927
34,22860,7655
34,22890,914
34,22950,1491
34,23250,538
34,23700,4902
34,23910,14092
34,23940,1813
34,24420,39700
34,24930,5008
34,24990,11021
34,25200,12430
34,25350,1472
34,25770,32456
34,25800,5161
34,26070,2239
34,26340,23987
34,26550,1682
34,26610,7952
34,26640,12076
34,26820,11507
34,28650,11365
34,28680,45736
34,28710,10125
34,28770,12571
34,28800,7511
34,29070,8834
34,29220,3331
34,29430,14797
34,29460,1443
34,30150,4990
34,30210,20520
34,30390,397
34,30420,12030
34,30540,3322
34,30570,19496
34,30840,2437
34,31320,3592
34,31470,14959
34,31500,4329
34,31620,5853
34,31920,10062
34,32220,928
34,32250,57010
34,32310,4232
34,32910,14622
34,33150,1894
34,34200,817
34,34530,1699
34,34890,5735
34,36000,291657
34,36480,9648
34,36510,39370
34,36690,8259
34,36810,7099
34,37110,10009
34,37560,1665
34,37770,2703
34,38610,4157
34,39210,1984
34,39390,1843
34,39420,3301
34,39630,1670
34,40020,9303
34,40290,10951
34,40350,43950
34,40440,21685
34,40530,6957
34,40680,10914
34,40770,6053
34,41010,224
34,41100,25832
34,41310,32745
34,41370,878
34,42510,16432
34,42630,4356
34,43050,5877
34,43380,332
34,43620,10779
34,43890,5162
34,44520,9704
34,44880,10023
34,45210,4291
34,45330,4970
34,45510,3823
34,45690,14977
34,45900,14461
34,46110,6970
34,46260,1222
34,46590,446
34,46620,6968
34,46680,27358
34,47130,3204
34,47610,9361
34,47700,3108
34,48210,6538
34,48300,20571
34,48480,4608
34,48510,6924
34,48690,5931
34,48750,4654
34,49680,3063
34,49920,4581
34,50130,3665
34,51000,304960
34,51210,55846
34,51390,1798
34,51660,16889
34,51810,13488
34,51930,8240
34,52320,16370
34,52620,6574
34,52950,8426
34,53040,8633
34,53280,22566
34,53430,4821
34,53490,3585
34,53610,5729
34,53850,12680
34,53880,3940
34,54360,11242
34,54450,1991
34,54570,6166
34,54660,2293
34,54870,6074
34,54990,8188
34,55770,20102
34,55800,7489
34,55950,26282
34,56130,9440
34,56550,68903
34,57000,156452
34,57150,6267
34,57300,2538
34,57480,1376
34,57600,2840
34,57750,4865
34,58200,55249
34,58350,15328
34,58590,2193
34,58770,10783
34,59070,8880
34,59190,54670
34,59640,20613
34,59880,19429
34,59910,4897
34,60090,10874
34,60600,1109
34,60900,30289
34,61170,6219
34,61530,29813
34,61680,14706
34,61980,8422
34,62430,12779
34,62910,11417
34,62940,13135
34,63000,26194
34,63150,11451
34,63300,4105
34,63360,11995
34,63660,2781
34,64050,6596
34,64170,405
34,64320,740
34,64410,799
34,64590,6168
34,64620,22342
34,64650,13932
34,65130,7178
34,65160,8338
34,65280,18852
34,65400,3368
34,65490,5325
34,65790,45496
34,66240,1425
34,66330,1841
34,66390,2122
34,66450,2486
34,66480,1471
34,66570,21005
34,67020,443
34,67110,1114
34,67350,4149
34,68340,5567
34,68430,10465
34,68460,14112
34,68550,10237
34,68730,4811
34,69390,24131
34,69420,15931
34,69510,3736
34,69810,8078
34,70110,2751
34,70140,4834
34,70380,3575
34,70980,494
34,71010,791
34,71220,7000
34,71430,22344
34,71640,1288
34,71670,2050
34,71850,2741
34,72240,7
34,72420,15178
34,72480,71
34,73020,19354
34,73140,10785
34,74000,89620
34,74210,3681
34,74540,5671
34,74630,64462
34,75140,8480
34,75620,9226
34,75890,1583
34,76070,60797
34,76400,10105
34,76490,11825
34,76730,11048
34,77270,7335
34,77600,6434
34,78110,2309
34,78530,1003
34,79040,30559
34,79310,8555
34,79610,50754
34,80120,4317
34,80210,542
34,80270,11210
34,80390,7346
34,81170,5123
34,81200,3063
34,81890,2136
34,82120,10063
34,82180,3127
34,82300,6122
34,82423,13138
34,82450,2909
34,82570,10197
34,82720,3728
34,82960,722
35,01780,31284
35,02000,560274
35,03400,1176
35,03820,8726
35,05220,12326
35,05780,6130
35,06270,2064
35,06480,7474
35,06970,9114
35,07880,7349
35,08580,4076
35,11800,1393
35,12150,31499
35,12500,960
35,12850,68
35,13970,912
35,15440,789
35,15720,2581
35,16280,758
35,16420,37612
35,17050,1450
35,17680,128
35,17960,8616
35,19150,638
35,20270,14603
35,20480,112
35,20620,1054
35,21180,115
35,22020,316
35,22380,6130
35,22720,1443
35,23000,156
35,24610,56
35,25170,10431
35,25380,1295
35,25450,2944
35,25800,46237
35,26570,85
35,26780,47
35,27340,863
35,28460,20451
35,30210,84
35,30490,8996
35,30770,25
35,31330,954
35,31820,1568
35,32520,39386
35,33290,109
35,33710,55
35,33850,1230
35,35040,2105
35,35320,202
35,36230,576
35,37840,374
35,39380,114892
35,39940,12905
35,42040,959
35,42180,2203
35,43370,19079
35,43930,5828
35,44420,1330
35,44490,11237
35,46310,779
35,47080,223
35,47570,603
35,48060,1792
35,48620,2457
35,50160,2010
35,50300,92
35,50370,908
35,55620,1380
35,56180,3428
35,59260,11859
35,60870,1797
35,62060,5978
35,62200,537
35,62620,311
35,63145,4907
35,63460,110660
35,64930,47109
35,65070,185
35,65210,7663
35,65280,2579
35,68150,190
35,70270,1608
35,70500,89167
35,70670,2769
35,71020,168
35,73260,9377
35,73540,8361
35,74800,927
35,75640,17689
35,76200,6427
35,76480,81
35,76620,681
35,77250,922
35,77880,463
35,79840,6000
35,79910,5123
35,79980,2599
35,82570,267
35,83200,120
35,83340,265
35,85160,212
35,85300,463
36,00199,1678
36,00276,1564
36,00342,786
36,00408,10163
36,00441,2883
36,01000,101228
36,01033,5730
36,01088,2594
36,01154,496
36,01187,951
36,01198,4789
36,01286,1555
36,01440,398
36,01517,1639
36,01737,138
36,02044,9577
36,02066,18093
36,02143,895
36,02176,709
36,02198,2021
36,02286,512
36,02407,1925
36,02506,4916
36,02550,293
36,02583,771
36,02737,602
36,02902,1583
36,02968,1697
36,03001,2447
36,03078,25983
36,03188,623
36,03331,835
36,03353,3437
36,03408,12106
36,04033,1255
36,04198,7639
36,04253,4933
36,04440,571
36,04715,15437
36,04759,5539
36,04803,1006
36,05034,6683
36,05100,15025
36,05639,1153
36,05672,785
36,05771,2195
36,05815,837
36,05848,308
36,06046,1209
36,06607,46727
36,06794,1237
36,06849,2534
36,06945,1298
36,06959,980
36,07190,1007
36,07355,2007
36,08070,2500
36,08103,7319
36,08323,3169
36,08422,1342
36,08466,7111
36,08488,1315
36,08532,6404
36,10132,2947
36,10231,939
36,10286,435
36,10341,2215
36,11000,274678
36,11132,333
36,11154,165
36,11704,2080
36,11825,1796
36,11847,2143
36,11902,1271
36,12111,2053
36,12144,10480
36,12177,458
36,12188,4462
36,12210,761
36,12254,2172
36,12331,7064
36,12353,728
36,12683,3264
36,12749,563
36,12771,988
36,12870,1456
36,12881,338
36,12958,530
36,13002,3763
36,13024,965
36,13068,466
36,13079,3925
36,13145,2739
36,13233,7285
36,13288,1057
36,13585,1840
36,13618,392
36,13739,1142
36,13981,744
36,14003,1557
36,14036,598
36,15242,476
36,15297,3996
36,15400,10526
36,15561,4810
36,15638,2195
36,16089,1701
36,16111,334
36,16188,731
36,16375,2169
36,16419,1644
36,16573,2138
36,16628,4479
36,16727,718
36,16749,18206
36,16815,260
36,16936,1993
36,17332,7622
36,17882,302
36,18047,1837
36,18135,661
36,18201,690
36,18212,2644
36,18256,10612
36,18333,3008
36,18388,17276
36,18597,293
36,18718,2717
36,19070,638
36,19213,8136
36,19356,1523
36,19642,2343
36,19664,4346
36,19994,255
36,20082,310
36,20115,1032
36,20126,3159
36,20313,14891
36,20346,1421
36,20379,35
36,20390,420
36,20500,1008
36,20698,11309
36,20731,2014
36,20896,292
36,20951,1863
36,21050,1688
36,21105,12442
36,21523,772
36,21589,5951
36,22183,1546
36,22260,7228
36,22557,514
36,22865,6158
36,22876,10010
36,23052,3002
36,23217,2599
36,23745,590
36,23789,951
36,23965,4174
36,24020,284
36,24075,214
36,24229,26176
36,24251,3797
36,24295,5103
36,24515,13211
36,24713,355
36,24823,621
36,24867,326
36,24988,771
36,25076,5353
36,25164,2241
36,25384,8502
36,25428,363
36,25527,4170
36,25967,2141
36,26209,229
36,26264,15879
36,26319,2867
36,26352,4791
36,26462,688
36,26704,473
36,26770,3145
36,26880,427
36,26924,1991
36,27188,2289
36,27221,277
36,27331,1652
36,27419,9455
36,27485,43756
36,27529,449
36,27815,11248
36,27859,760
36,27969,224
36,28101,159
36,28178,22835
36,28618,7731
36,28640,12391
36,28959,326
36,29113,27879
36,29322,445
36,29333,14507
36,29443,14843
36,29542,5733
36,29597,3617
36,29630,2456
36,29872,269
36,30026,2416
36,30169,11007
36,30191,3087
36,30213,7651
36,30411,1434
36,30521,2947
36,30576,2561
36,30675,1667
36,30752,2983
36,30961,2114
36,31291,1112
36,31643,9744
36,31709,4100
36,31830,284
36,31852,586
36,31940,904
36,32017,538
36,32325,2609
36,32402,30780
36,32710,8307
36,32754,12226
36,32963,1467
36,33139,58225
36,34121,7235
36,34264,720
36,34297,468
36,34308,1320
36,34319,560
36,34495,3647
36,34660,926
36,34847,5891
36,34979,392
36,35144,393
36,35155,1730
36,35276,3077
36,35364,2825
36,35474,3151
36,35672,8049
36,35694,6367
36,35969,5790
36,35980,7376
36,36167,411
36,37022,1426
36,37275,7567
36,37528,615
36,37803,6417
36,37840,3627
36,37847,4976
36,38077,32724
36,38264,27965
36,38506,392
36,38748,14874
36,38781,8099
36,38825,1203
36,38934,5699
36,39232,14916
36,39309,1190
36,39562,1153
36,39694,5622
36,39727,23777
36,39853,41857
36,40189,19593
36,40200,668
36,40508,1005
36,40530,11021
36,40761,2275
36,40937,2803
36,41069,2948
36,41135,10047
36,41223,3855
36,41333,6493
36,41432,1864
36,41487,1923
36,41520,216
36,41553,6747
36,41872,456
36,42026,4265
36,42147,2500
36,42224,5130
36,42323,2099
36,42554,26972
36,42642,326
36,42741,4516
36,42829,1059
36,42884,2250
36,42950,1471
36,43005,3537
36,43082,20436
36,43214,281
36,43335,34595
36,43720,3327
36,43874,20071
36,43918,785
36,44006,594
36,44193,977
36,44424,312
36,44710,5400
36,44787,8417
36,44831,19533
36,44853,1631
36,45018,4593
36,45073,320
36,45106,6901
36,45392,883
36,45480,1755
36,45557,487
36,45997,16826
36,46019,10082
36,46107,847
36,46162,3132
36,46206,781
36,46239,1457
36,46360,5089
36,46415,5906
36,46536,4461
36,46646,285
36,46811,1557
36,46866,1164
36,46998,1696
36,47042,30152
36,47108,428
36,47229,400
36,47273,1442
36,47361,880
36,47405,1001
36,47427,279
36,47636,21169
36,47757,3638
36,47823,2378
36,47988,9477
36,48090,4624
36,48142,3760
36,48175,7221
36,48197,1563
36,48296,1244
36,48483,519
36,48593,1328
36,48890,10567
36,48945,2839
36,49121,71168
36,49220,446
36,49231,2765
36,49330,3492
36,49429,955
36,49506,1081
36,49748,565
36,49781,630
36,49891,8967
36,49902,903
36,49946,905
36,50034,28237
36,50298,1862
36,50353,5419
36,50397,10129
36,50551,8552
36,50573,555
36,50617,83742
36,50705,9824
36,51000,8258035
36,51011,3190
36,51055,47599
36,51110,456
36,51286,1606
36,51792,1265
36,52188,1175
36,53022,5370
36,53055,782
36,53396,7273
36,53660,6763
36,53682,30031
36,53770,998
36,53979,6685
36,54012,1544
36,54078,1151
36,54100,7244
36,54155,1789
36,54430,168
36,54452,540
36,54485,9304
36,54562,2085
36,54617,899
36,54705,4833
36,54716,13650
36,54837,10094
36,54848,583
36,54881,15331
36,55266,3041
36,55365,1344
36,55376,643
36,55530,26542
36,55574,17022
36,55618,913
36,55673,994
36,55816,532
36,55882,4096
36,55948,1332
36,56011,2240
36,56088,1729
36,56110,789
36,56187,3275
36,56231,455
36,56341,445
36,56660,12337
36,56814,2015
36,56979,25442
36,57001,7138
36,57023,5542
36,57177,5062
36,57243,3584
36,57518,1856
36,57551,1150
36,57639,1483
36,57661,2201
36,57749,2499
36,58354,1332
36,58475,1452
36,58486,1002
36,58497,801
36,58574,19867
36,58728,7255
36,58937,482
36,58992,3882
36,59157,924
36,59212,1225
36,59223,30584
36,59245,1669
36,59355,8129
36,59388,8565
36,59454,594
36,59498,887
36,59531,3134
36,59564,8436
36,59641,31772
36,59960,2269
36,60422,1697
36,60675,3213
36,60829,485
36,60895,1949
36,61115,411
36,61148,9310
36,61159,322
36,61346,2584
36,61434,410
36,61489,1087
36,61588,874
36,61621,262
36,62061,424
36,63000,207274
36,63264,25578
36,63418,31652
36,63770,2990
36,63792,1315
36,63803,1085
36,63957,854
36,63979,2210
36,64199,677
36,64232,930
36,64309,16202
36,64325,9772
36,64408,1364
36,64430,981
36,64452,736
36,64485,2785
36,64639,1697
36,64749,5783
36,64881,111
36,65035,2735
36,65068,621
36,65233,4871
36,65255,28544
36,65288,3848
36,65354,675
36,65431,17747
36,65475,549
36,65508,68544
36,65585,947
36,65750,1350
36,65893,7221
36,65959,1995
36,66047,4995
36,66663,498
36,66883,1369
36,66949,671
36,66993,2992
36,67191,522
36,67257,1367
36,67334,3660
36,67411,2583
36,67466,720
36,67488,567
36,67510,2520
36,67638,10962
36,67686,3725
36,67708,3012
36,68099,203
36,68209,1701
36,68242,829
36,68286,6484
36,68462,4627
36,68610,3840
36,68847,1073
36,68891,550
36,69023,1731
36,69078,3717
36,70123,402
36,70167,700
36,70189,3655
36,70420,32969
36,70442,4155
36,70618,1070
36,71267,1925
36,71322,1748
36,71894,11341
36,72521,881
36,73000,145560
36,73143,572
36,73176,11691
36,73517,747
36,73605,2718
36,74023,1012
36,74166,14899
36,75484,50607
36,75506,1681
36,75583,6900
36,75627,891
36,75671,3328
36,75682,213
36,75779,3111
36,75803,624
36,76001,1087
36,76155,1080
36,76210,635
36,76331,1763
36,76386,1996
36,76540,63607
36,76617,1709
36,76672,450
36,76705,40007
36,77112,1156
36,77376,2672
36,77431,675
36,77519,1749
36,77684,2804
36,77728,940
36,77849,6915
36,78036,2883
36,78113,563
36,78168,6046
36,78333,3629
36,78355,6523
36,78465,5655
36,78520,2026
36,78553,4704
36,78608,24157
36,78663,1510
36,78674,10170
36,78696,1788
36,78806,4270
36,78850,1705
36,78960,5749
36,79015,1768
36,79081,483
36,79092,4566
36,79174,6167
36,79444,15739
36,79499,1754
36,79939,2920
36,80181,2192
36,80186,117
36,80203,10622
36,81292,735
36,81622,2478
36,81677,61288
36,81710,3591
36,81831,901
36,82084,5458
36,82117,7459
36,82359,1219
36,82524,865
36,82678,1577
36,82750,11512
36,82953,711
36,82986,876
36,83272,1077
36,83371,378
36,84000,207657
36,84099,2588
36,84143,1834
37,00160,9488
37,00500,4651
37,00640,1028
37,00680,16936
37,01000,751
37,01380,1737
37,01400,7283
37,01420,443
37,01520,72225
37,01640,427
37,01720,12084
37,01760,5365
37,02080,27726
37,02140,95056
37,02320,177
37,02460,336
37,02500,1407
37,02580,717
37,02620,451
37,02700,171
37,02840,5092
37,02960,1864
37,03020,577
37,03100,455
37,03150,281
37,03500,1130
37,03840,242
37,03960,1026
37,04180,84
37,04260,4804
37,04510,658
37,04640,1406
37,04840,15515
37,04950,2427
37,04960,875
37,05040,4401
37,05135,3239
37,05220,5625
37,05340,355
37,05460,1399
37,05660,1138
37,05880,1435
37,06000,1852
37,06080,690
37,06140,8530
37,06240,1634
37,06500,1353
37,06660,163
37,06740,708
37,06760,6658
37,06800,4637
37,06820,227
37,06860,391
37,07080,19811
37,07140,1201
37,07220,361
37,07720,7847
37,07860,357
37,08080,1345
37,08140,431
37,08420,1070
37,08480,1510
37,08860,361
37,08960,3415
37,09060,60032
37,09140,1623
37,09360,8108
37,09530,2698
37,09540,2433
37,09760,329
37,09800,258
37,10120,819
37,10240,4418
37,10260,2270
37,10500,6826
37,10550,5307
37,10620,21103
37,10680,2951
37,10740,180010
37,10760,305
37,10860,270
37,10960,396
37,10980,719
37,11340,1814
37,11352,298
37,11620,137
37,11640,1544
37,11800,62043
37,12000,911311
37,12340,6278
37,12460,140
37,12480,4572
37,12580,749
37,12720,1729
37,12780,602
37,12860,30216
37,12960,22159
37,13000,879
37,13240,8320
37,13280,1383
37,13360,2261
37,13460,261
37,13560,206
37,13940,602
37,13980,1097
37,14060,62
37,14100,110119
37,14200,199
37,14280,1538
37,14340,8635
37,14400,720
37,14460,975
37,14700,33139
37,15020,387
37,15260,5496
37,15320,5026
37,15420,202
37,15580,146
37,16180,6156
37,16240,186
37,16400,14521
37,16980,1556
37,17180,214
37,17325,684
37,17340,1463
37,17520,1113
37,17660,352
37,17860,1759
37,18040,262
37,18060,744
37,18320,8581
37,19000,296186
37,19140,206
37,19300,414
37,19320,637
37,19620,232
37,19740,3684
37,19860,1607
37,20080,15332
37,20120,4485
37,20580,18948
37,20600,3265
37,20620,4088
37,20700,549
37,20780,739
37,20840,843
37,20980,1214
37,21095,11520
37,21160,3966
37,21360,1798
37,21740,4739
37,21960,215
37,22040,149
37,22240,737
37,22360,2203
37,22500,3699
37,22560,798
37,22600,838
37,22620,381
37,22640,49
37,22720,636
37,22820,4546
37,22920,209749
37,23600,3563
37,23760,8158
37,23980,11
37,24080,7387
37,24170,313
37,24440,391
37,24520,2530
37,24570,1376
37,24640,4328
37,24720,2718
37,24740,1240
37,24900,1199
37,25300,43817
37,25380,3704
37,25460,601
37,25480,35265
37,25540,865
37,25560,974
37,25580,83942
37,25680,260
37,25940,445
37,25980,9496
37,26200,1525
37,26740,156
37,26880,33469
37,26920,250
37,27280,18354
37,27324,95
37,27420,4914
37,27440,3068
37,27520,712
37,27780,580
37,27870,3293
37,28000,302296
37,28080,90053
37,28200,2507
37,28240,399
37,28400,813
37,28920,161
37,29120,295
37,29160,5928
37,29640,577
37,29680,159
37,29720,79
37,29800,19883
37,30040,47
37,30120,16500
37,30260,2348
37,30280,478
37,30620,1711
37,30660,14857
37,30720,15466
37,30900,1980
37,31060,44415
37,31360,1110
37,31400,116926
37,31440,614
37,31500,1678
37,31620,9757
37,31860,261
37,31920,412
37,31960,939
37,32180,5170
37,32260,46271
37,32540,414
37,32640,17973
37,32840,538
37,32980,3767
37,33120,64688
37,33460,228
37,33560,42854
37,34000,413
37,34200,72879
37,34300,3721
37,34320,410
37,34440,1635
37,34840,2326
37,35200,59321
37,35360,202
37,35460,763
37,35540,1642
37,35600,28016
37,35720,7778
37,35760,7561
37,35880,11823
37,35890,666
37,35920,19411
37,36020,127
37,36060,3713
37,36080,20275
37,36220,2156
37,36400,2868
37,36500,1387
37,36512,3504
37,36514,41
37,36640,1255
37,36860,3803
37,36960,128
37,37000,58
37,37040,423
37,37160,2299
37,37220,15021
37,37260,577
37,37640,37
37,37680,30542
37,37760,18238
37,38030,407
37,38040,14002
37,38060,19840
37,38100,2704
37,38200,391
37,38220,4692
37,38320,12128
37,38360,138
37,38680,543
37,38860,5854
37,39280,5207
37,39360,3269
37,39420,165
37,39480,3794
37,39600,1046
37,39680,82
37,39700,19121
37,39880,920
37,39960,406
37,40140,92
37,40240,89
37,40540,104
37,40560,2156
37,40600,1744
37,40640,855
37,40660,3845
37,41060,1610
37,41380,107
37,41420,7493
37,41580,807
37,41620,2222
37,41640,2660
37,41720,6813
37,41960,30934
37,42020,2114
37,42060,2452
37,42100,841
37,42240,20212
37,42480,148
37,42620,508
37,42640,103
37,42700,939
37,42760,4930
37,42860,4948
37,43260,7337
37,43300,154
37,43360,3379
37,43440,539
37,43480,27815
37,43580,603
37,43720,6147
37,43860,280
37,43920,37797
37,44100,919
37,44160,300
37,44220,53721
37,44320,9863
37,44400,17708
37,44520,31703
37,44560,327
37,44800,10610
37,44900,1178
37,44960,18373
37,45100,4261
37,45140,1748
37,45640,2371
37,45660,1657
37,45880,3142
37,46000,5737
37,46060,1737
37,46340,32226
37,46740,721
37,46820,631
37,46860,4494
37,47000,13399
37,47020,578
37,47240,915
37,47260,98
37,47845,1069
37,47860,1005
37,47880,4338
37,47980,2462
37,48040,2218
37,48060,262
37,48345,9480
37,48480,7776
37,48700,980
37,48920,818
37,49380,897
37,49460,59
37,49600,557
37,49800,8972
37,50080,163
37,50340,501
37,50540,246
37,50700,584
37,50820,386
37,51040,791
37,51080,2832
37,51780,719
37,51820,1431
37,51840,1536
37,51940,18449
37,52000,1426
37,52020,2277
37,52140,1193
37,52220,11153
37,52400,455
37,52660,4839
37,52760,5057
37,53040,3204
37,53140,2268
37,53160,523
37,53200,271
37,53680,179
37,53820,1461
37,53840,1281
37,53900,120
37,54580,4544
37,55000,482295
37,55040,1785
37,55080,4674
37,55260,4664
37,55340,63
37,55460,798
37,55640,3425
37,55660,3142
37,55900,14585
37,55940,280
37,56240,985
37,56340,604
37,56360,2415
37,56440,855
37,56710,2921
37,56900,14669
37,57000,1254
37,57020,563
37,57100,1218
37,57260,8890
37,57340,2370
37,57500,54245
37,57640,11297
37,57700,441
37,57740,476
37,57800,1155
37,57860,1381
37,58020,744
37,58140,889
37,58160,8212
37,58180,174
37,58360,3513
37,58420,355
37,58440,1217
37,58460,3685
37,58620,430
37,58630,7443
37,58720,2056
37,58840,456
37,58860,36319
37,58920,643
37,59090,300
37,59135,430
37,59280,32064
37,59340,350
37,59540,5025
37,59780,1598
37,59980,516
37,60080,240
37,60180,685
37,60320,7012
37,60505,315
37,60540,57
37,60560,182
37,60800,5171
37,61060,1747
37,61200,22010
37,61860,8043
37,62040,401
37,62060,338
37,62520,12468
37,62760,1470
37,63120,16728
37,63130,3138
37,63400,4377
37,63680,1894
37,63720,65
37,63760,3354
37,63880,4284
37,64160,1333
37,64180,11507
37,64260,2191
37,64380,406
37,64420,17212
37,64460,1659
37,64500,4065
37,64560,757
37,64580,822
37,64740,30220
37,64840,1296
37,64940,1015
37,65040,6016
37,65100,1335
37,65120,216
37,65320,344
37,65530,377
37,65580,11150
37,65900,4544
37,66040,4781
37,66360,4137
37,66460,2535
37,66500,2668
37,66520,3670
37,66700,10859
37,66740,90
37,66960,2273
37,66980,676
37,67000,472
37,67420,27435
37,67720,2696
37,68040,497
37,68320,241
37,68340,4106
37,68400,7155
37,68500,3980
37,68520,2952
37,68580,1606
37,68740,214
37,69260,7087
37,69520,4699
37,69680,877
37,69720,251
37,69795,538
37,69840,1018
37,70320,315
37,70340,647
37,70380,4935
37,70480,609
37,70540,54337
37,70660,5950
37,70720,3472
37,70740,3188
37,70780,1598
37,70820,1098
37,70860,195
37,71100,822
37,71160,2735
37,71220,9683
37,71240,382
37,71320,210
37,71460,23073
37,71500,10667
37,71560,4693
37,71600,387
37,71680,14080
37,71780,1383
37,71860,14400
37,71900,2715
37,71940,9280
37,72540,1334
37,73140,5320
37,73160,637
37,73300,842
37,73660,4677
37,73760,593
37,74020,3661
37,74220,5051
37,74440,122698
37,74540,47833
37,74580,2820
37,74680,3250
37,74720,569
37,74760,4342
37,75000,252975
37,75060,10821
37,75080,604
37,75280,8012
37,75340,530
37,75820,2420
37,75960,3018
37,76000,2002
37,76200,2291
37,76220,9401
38,00100,258
38,00340,122
38,00940,53
38,01180,307
38,01420,41
38,01700,98
38,01740,32
38,01860,17
38,01940,84
38,02060,23
38,02220,217
38,02380,237
38,02660,21
38,02860,33
38,03020,474
38,03220,272
38,03300,324
38,03540,602
38,04020,11
38,04460,15
38,04580,60
38,04940,42
38,05260,48
38,05420,972
38,05820,969
38,05980,66
38,06180,11
38,06300,30
38,06460,467
38,06660,3034
38,07020,163
38,07180,100
38,07200,75092
38,08460,2171
38,08500,285
38,08580,139
38,08700,1411
38,08900,17
38,09320,53
38,09460,29
38,09700,31
38,10060,84
38,10300,15
38,10420,188
38,10940,1306
38,11180,68
38,11340,349
38,11580,5
38,11700,13
38,11860,1047
38,12060,31
38,12260,138
38,12340,2009
38,12460,240
38,12700,2472
38,12820,21
38,12940,1223
38,13020,38
38,13180,581
38,14100,151
38,14660,61
38,14740,29
38,15100,70
38,15140,65
38,15180,202
38,15460,131
38,15820,14
38,15900,961
38,16380,37
38,16580,112
38,16940,1036
38,17060,111
38,18180,254
38,18260,73
38,18340,75
38,18620,90
38,19300,183
38,19420,7135
38,19580,50
38,19620,25130
38,19820,86
38,19900,73
38,20020,89
38,20300,277
38,20340,735
38,20940,227
38,21020,611
38,21220,78
38,22140,576
38,22260,194
38,22340,138
38,22540,30
38,23020,519
38,23220,1093
38,23340,22
38,24060,441
38,24260,856
38,24540,79
38,24780,88
38,25180,27
38,25300,336
38,25700,133188
38,26180,452
38,26380,90
38,26420,391
38,26660,215
38,26700,61
38,26980,38
38,27060,202
38,27100,111
38,27260,494
38,27580,98
38,27820,29
38,27860,166
38,28380,38
38,28720,193
38,28780,57
38,28860,282
38,28980,112
38,29180,23
38,29220,127
38,29460,1464
38,29540,19
38,30180,240
38,30460,271
38,30580,403
38,30660,95
38,30860,725
38,31180,188
38,31420,85
38,31500,110
38,31740,53
38,31820,4059
38,32060,58921
38,32300,195
38,32580,10
38,32660,225
38,32900,51
38,33500,214
38,34020,916
38,34180,65
38,34340,230
38,34460,12
38,34620,42
38,34860,27
38,34900,918
38,35020,123
38,35060,7
38,35140,15
38,35900,1600
38,35940,827
38,36100,702
38,36140,68
38,36540,15
38,36700,219
38,36780,2276
38,36860,788
38,37700,1043
38,38100,1641
38,38780,244
38,38860,277
38,38900,5643
38,39460,327
38,39580,60
38,39980,37
38,40580,15691
38,41180,63
38,41380,85
38,41500,64
38,42020,914
38,42180,147
38,42660,8
38,42700,908
38,42780,1024
38,43260,20
38,43500,24
38,43580,366
38,44300,685
38,44540,760
38,44700,38
38,44780,1847
38,44860,103
38,44900,235
38,45020,1224
38,45300,17
38,45460,24
38,45580,423
38,45740,82
38,45860,26
38,45980,244
38,46460,593
38,46540,136
38,46640,4426
38,46980,1045
38,47100,2173
38,47140,165
38,47660,8
38,48020,10
38,48460,17
38,48580,26
38,49020,319
38,49260,63
38,49580,379
38,49620,384
38,49820,145
38,49900,24586
38,50380,68
38,50420,369
38,50580,1435
38,50780,124
38,50860,95
38,51060,61
38,51380,323
38,51420,86
38,51500,1805
38,51860,265
38,51900,155
38,52340,125
38,52740,259
38,52940,614
38,53020,40
38,53220,187
38,53380,47373
38,53540,609
38,53780,689
38,53820,29
38,53980,86
38,54220,173
38,54620,637
38,54740,68
38,55020,186
38,55220,18
38,55420,745
38,55620,338
38,55740,30
38,56020,94
38,56180,676
38,56420,207
38,56620,1310
38,56700,1027
38,56740,2725
38,56780,42
38,57180,48
38,57220,134
38,58120,56
38,58300,950
38,58740,1764
38,59020,93
38,59660,108
38,60100,103
38,60380,10
38,60480,371
38,60500,189
38,60620,122
38,60900,1385
38,60940,898
38,61460,72
38,61580,497
38,61780,5
38,61860,159
38,62060,58
38,62260,128
38,62540,16
38,62620,43
38,62780,87
38,62980,204
38,63740,119
38,63900,577
38,64140,375
38,64320,55
38,65580,723
38,65900,124
38,65980,34
38,66020,166
38,66040,841
38,66260,268
38,66300,156
38,66500,671
38,66980,223
38,67180,35
38,67500,90
38,67620,48
38,67780,462
38,67820,1165
38,68540,90
38,68860,2446
38,69140,5
38,69340,160
38,69460,103
38,69980,313
38,70260,312
38,70380,162
38,70780,16
38,70980,307
38,71500,248
38,71660,118
38,71780,63
38,71940,85
38,72180,93
38,72540,189
38,72580,178
38,72820,19
38,73820,65
38,74020,39
38,74185,403
38,74740,92
38,74780,32
38,75380,2184
38,75420,362
38,75580,97
38,75780,652
38,76500,364
38,76620,148
38,77180,1417
38,77660,99
38,77980,211
38,78180,224
38,78660,1069
38,78940,2097
38,79140,42
38,79180,131
38,79340,275
38,79420,458
38,79940,537
38,80140,58
38,80660,774
38,80860,130
38,81180,6551
38,81620,1046
38,81700,20
38,81900,58
38,82380,43
38,82660,8000
38,82780,268
38,82940,9
38,82980,880
38,83580,50
38,83700,1283
38,83860,6020
38,84780,40400
38,85020,374
38,85540,93
38,86020,110
38,86220,27706
38,86380,149
38,86580,714
38,86620,176
38,86780,131
38,87020,841
38,87180,43
38,87580,45
38,87740,448
38,87860,14
38,88140,224
38,88180,82
39,00142,1523
39,00198,5302
39,00380,137
39,00436,904
39,00450,316
39,00464,646
39,01000,188701
39,01042,924
39,01154,490
39,01210,824
39,01420,21525
39,01630,680
39,01672,3805
39,01784,170
39,01798,12928
39,01938,426
39,02050,944
39,02092,1460
39,02120,1149
39,02148,74
39,02204,1681
39,02232,1183
39,02274,306
39,02316,555
39,02330,2328
39,02344,4447
39,02400,1453
39,02428,810
39,02568,18718
39,02582,1318
39,02638,17785
39,02680,4760
39,02722,269
39,02736,24673
39,02820,868
39,03086,17717
39,03352,25403
39,03464,25942
39,03562,346
39,03604,753
39,03646,118
39,03744,826
39,03758,2991
39,03828,24563
39,03926,3908
39,03940,376
39,04150,2004
39,04192,100
39,04402,594
39,04416,15810
39,04458,923
39,04500,13734
39,04542,347
39,04696,436
39,04720,47193
39,04752,314
39,04878,12767
39,04920,10721
39,05074,3763
39,05102,7409
39,05116,805
39,05130,14073
39,05158,199
39,05228,8164
39,05284,1986
39,05312,404
39,05396,60
39,05410,892
39,05424,6614
39,05550,884
39,05662,263
39,05690,17922
39,05718,529
39,05732,284
39,05900,657
39,06068,2659
39,06138,1183
39,06194,593
39,06222,1209
39,06278,12785
39,06810,103
39,06908,4221
39,07062,655
39,07188,872
39,07202,135
39,07286,853
39,07300,13408
39,07426,3903
39,07594,965
39,07790,1395
39,07832,1176
39,07916,349
39,07930,266
39,07972,30384
39,08084,1797
39,08112,979
39,08336,1395
39,08364,13850
39,08392,1502
39,08504,2103
39,08532,91
39,08560,1534
39,09064,19634
39,09246,11022
39,09274,1476
39,09288,18063
39,09316,524
39,09358,5918
39,09386,108
39,09680,35072
39,09792,8609
39,09834,513
39,09890,2558
39,09974,229
39,10030,11542
39,10254,293
39,10282,178
39,10296,265
39,10436,1410
39,10632,938
39,10674,156
39,10716,2341
39,10800,2977
39,10884,502
39,10940,1869
39,10954,550
39,10996,9969
39,11024,1975
39,11066,7745
39,11304,5333
39,11332,9777
39,11360,7610
39,12000,69197
39,12084,2101
39,12112,3491
39,12168,5740
39,12252,500
39,12280,3095
39,12462,271
39,12476,747
39,12504,107
39,12560,241
39,12700,140
39,12784,4250
39,12868,10885
39,13036,1671
39,13169,87
39,13190,25754
39,13358,4087
39,13554,5239
39,13694,200
39,13778,944
39,13904,729
39,13932,124
39,14086,268
39,14114,195
39,14128,8565
39,14156,350
39,14184,21895
39,14226,72
39,14254,661
39,14296,501
39,15000,311097
39,15070,14452
39,15210,272
39,15336,403
39,15406,535
39,15588,251
39,15644,13222
39,16000,362656
39,16014,43908
39,16028,3355
39,16056,136
39,16182,1189
39,16266,167
39,16308,6337
39,16378,1827
39,16434,441
39,16532,4712
39,16700,392
39,17036,6757
39,18000,913175
39,18014,2131
39,18070,3215
39,18266,326
39,18308,132
39,18350,12360
39,18504,1087
39,18546,1000
39,18588,445
39,18770,485
39,18812,7062
39,18840,516
39,18868,11091
39,19050,2598
39,19106,1063
39,19330,4460
39,19344,2138
39,19400,1746
39,19456,2402
39,19554,421
39,19694,312
39,19750,178
39,19778,50742
39,19806,554
39,19820,548
39,19974,1924
39,20114,996
39,20212,189
39,21000,135512
39,21266,5336
39,21294,65
39,21308,17043
39,21378,1251
39,21434,45158
39,21560,265
39,21602,7061
39,21616,3301
39,21714,2653
39,21812,1567
39,21910,79
39,22022,599
39,22288,255
39,22456,12985
39,22568,3053
39,22610,1647
39,22694,48923
39,22946,757
39,22974,206
39,23324,1509
39,23380,13352
39,23618,17363
39,23730,9705
39,23940,4658
39,24052,743
39,24234,8301
39,24486,1866
39,24598,441
39,24640,786
39,24766,453
39,24794,45
39,24808,1900
39,25144,1374
39,25186,2055
39,25256,53117
39,25368,225
39,25396,13249
39,25452,2437
39,25704,48212
39,25802,2630
39,25914,34729
39,25942,1743
39,25970,44447
39,26166,7682
39,26306,3081
39,26348,69
39,26446,16785
39,26656,973
39,26768,1285
39,26796,310
39,26880,656
39,27048,40139
39,27412,458
39,27538,213
39,27552,807
39,27636,1331
39,27706,19839
39,27818,525
39,27832,1586
39,27902,1476
39,28014,13039
39,28182,1107
39,28476,11653
39,28574,1352
39,28616,405
39,28658,2619
39,28798,315
39,28826,15812
39,29050,249
39,29064,112
39,29106,35159
39,29148,1018
39,29162,10293
39,29204,3284
39,29246,2330
39,29288,111
39,29428,28900
39,29442,2463
39,29498,2227
39,29610,5866
39,29652,933
39,29722,2193
39,29778,4458
39,29932,5809
39,29974,461
39,30072,2480
39,30114,166
39,30198,9469
39,30282,974
39,30380,2263
39,30436,164
39,30506,238
39,30632,977
39,30660,373
39,30674,1629
39,30702,1209
39,30786,3754
39,30912,238
39,31150,5773
39,31206,928
39,31234,394
39,31304,8841
39,31402,6281
39,31458,216
39,31472,831
39,31542,68
39,31860,27338
39,31948,304
39,32088,4336
39,32158,3656
39,32256,1222
39,32340,12696
39,32368,1389
39,32592,42782
39,32606,5806
39,32620,380
39,32956,714
39,32984,487
39,33012,62997
39,33096,604
39,33194,195
39,33292,1317
39,33306,346
39,33376,90
39,33656,156
39,33740,309
39,33838,13320
39,34090,173
39,34118,425
39,34202,404
39,34328,3385
39,34384,569
39,34412,1252
39,34552,162
39,34636,443
39,34748,10693
39,34790,2384
39,34860,209
39,34888,145
39,35098,3422
39,35168,216
39,35210,228
39,35252,8537
39,35255,700
39,35476,37262
39,35532,245
39,35560,6617
39,35658,945
39,35854,1043
39,35864,50
39,35882,1794
39,35896,239
39,35924,325
39,35994,373
39,36260,903
39,36568,227
39,36582,7568
39,36610,43313
39,36651,22968
39,36918,771
39,36988,407
39,37016,6685
39,37240,7481
39,37422,316
39,37464,10187
39,37604,85
39,37842,6206
39,38192,680
39,38220,1432
39,38304,396
39,38374,2073
39,38500,3184
39,38920,1242
39,38948,249
39,39060,526
39,39074,454
39,39130,122
39,39172,539
39,39340,5310
39,39508,720
39,39536,1450
39,39662,258
39,39872,27601
39,39886,7840
39,40040,56876
39,40054,161
39,40180,804
39,40376,1244
39,40544,207
39,40558,113
39,40572,477
39,40642,6896
39,40670,689
39,41118,396
39,41230,2850
39,41398,211
39,41454,2905
39,41608,1199
39,41664,49337
39,41720,41422
39,41902,673
39,41986,163
39,42028,409
39,42084,498
39,42364,21699
39,42476,1280
39,42518,127
39,42560,1790
39,42602,2167
39,42938,1726
39,42980,181
39,42994,4846
39,43414,1097
39,43554,34794
39,43722,3101
39,43904,454
39,43918,110
39,44030,2533
39,44086,2708
39,44310,229
39,44352,157
39,44366,3464
39,44604,2779
39,44632,7166
39,44674,10533
39,44856,65337
39,44912,3321
39,44954,281
39,45066,2775
39,45094,9700
39,45108,13156
39,45164,553
39,45178,988
39,45220,74
39,45276,588
39,45332,1012
39,45374,176
39,45542,1533
39,45556,13641
39,45626,590
39,45696,1732
39,45794,694
39,45808,1532
39,45822,1639
39,45934,3129
39,45976,12025
39,46046,458
39,46158,114
39,46312,9423
39,46480,3416
39,46830,293
39,46844,1014
39,46872,1488
39,46942,228
39,46970,555
39,46998,1106
39,47012,1842
39,47138,47711
39,47180,1009
39,47306,22984
39,47474,699
39,47502,839
39,47558,280
39,47600,3441
39,47628,13090
39,47754,35531
39,47992,94
39,48048,790
39,48090,221
39,48104,6076
39,48118,406
39,48160,28423
39,48188,35660
39,48244,32439
39,48286,689
39,48342,13633
39,48468,3300
39,48482,19793
39,48706,1681
39,48790,25889
39,49000,231
39,49042,612
39,49056,46929
39,49098,7084
39,49238,551
39,49294,721
39,49434,19814
39,49644,15597
39,49700,2750
39,49728,566
39,49756,2156
39,49840,51478
39,49896,302
39,49966,653
39,50008,269
39,50036,156
39,50134,1350
39,50176,6445
39,50218,903
39,50260,1197
39,50316,101
39,50358,129
39,50372,3186
39,50400,975
39,50540,635
39,50708,134
39,50722,38
39,50764,622
39,50834,3701
39,50862,1944
39,50904,3257
39,50918,2999
39,51058,3799
39,51310,15600
39,51618,1280
39,51674,150
39,51716,10801
39,51772,3886
39,52010,6586
39,52052,3437
39,52276,371
39,52346,240
39,52374,2162
39,52416,157
39,52598,462
39,52668,219
39,52682,169
39,52738,3533
39,52752,6853
39,52906,4349
39,52976,382
39,53046,2030
39,53102,16551
39,53144,595
39,53186,386
39,53312,4966
39,53410,336
39,53480,127
39,53550,8750
39,53634,183
39,53690,1805
39,53816,124
39,53886,4518
39,53942,693
39,53956,87
39,53970,11335
39,54012,224
39,54040,51046
39,54068,214
39,54110,86
39,54152,414
39,54166,2229
39,54194,2978
39,54250,1806
39,54334,5494
39,54432,3646
39,54446,2286
39,54562,13788
39,54726,830
39,54838,905
39,54852,3784
39,54866,4447
39,54908,2375
39,54978,830
39,55104,2238
39,55118,1487
39,55188,1478
39,55216,17440
39,55384,2769
39,55398,280
39,55552,651
39,55650,4534
39,55678,2655
39,55748,1100
39,55776,856
39,55790,1168
39,55818,122
39,55874,300
39,55916,18256
39,56154,3392
39,56182,827
39,56294,17637
39,56322,9463
39,56420,456
39,56448,3536
39,56588,455
39,56700,2721
39,56770,1645
39,56882,31538
39,56910,908
39,56924,929
39,56966,37058
39,56994,217
39,57008,30687
39,57064,222
39,57190,5211
39,57260,11398
39,57302,17130
39,57372,90
39,57386,19046
39,57582,2799
39,57596,1398
39,57750,3479
39,57764,9378
39,57792,540
39,57834,7697
39,57862,6971
39,57918,58
39,58002,641
39,58226,223
39,58422,8587
39,58520,6653
39,58604,3495
39,58674,170
39,58730,19711
39,58828,8422
39,58856,1511
39,58912,299
39,58940,1197
39,58982,4416
39,59010,4786
39,59052,970
39,59066,90
39,59220,810
39,59234,22340
39,59416,20605
39,59598,180
39,59738,1188
39,61000,78951
39,61028,20431
39,61056,199
39,61112,18346
39,61182,125
39,61252,3531
39,61322,1180
39,61420,1759
39,61504,1332
39,61574,518
39,61686,6823
39,61882,1598
39,62148,25236
39,62190,728
39,62414,494
39,62442,721
39,62498,25256
39,62708,2157
39,62834,1410
39,62848,20747
39,62890,380
39,63030,4338
39,63044,142
39,63436,390
39,63534,1257
39,63576,135
39,63716,951
39,63800,1692
39,63954,2423
39,63996,307
39,64024,1526
39,64108,414
39,64150,5933
39,64262,306
39,64304,17555
39,64346,545
39,64360,221
39,64430,222
39,64486,14491
39,64542,1419
39,64766,503
39,64780,1052
39,65032,151
39,65116,379
39,65200,543
39,65256,671
39,65508,141
39,65592,11215
39,65634,557
39,65662,383
39,65732,10380
39,66152,5329
39,66320,542
39,66390,41220
39,66530,3704
39,66824,401
39,66894,10509
39,66936,2494
39,67118,314
39,67258,723
39,67272,1581
39,67314,548
39,67356,6105
39,67440,575
39,67468,24340
39,67600,1572
39,67762,160
39,67846,657
39,67874,1029
39,68042,308
39,68056,21236
39,68084,187
39,68196,83
39,68560,1740
39,68672,157
39,68686,6333
39,68742,212
39,69176,493
39,69204,304
39,69302,1323
39,69316,541
39,69344,724
39,69358,416
39,69400,2472
39,69470,3938
39,69526,4973
39,69540,2602
39,69652,363
39,69680,8377
39,69708,1885
39,69834,11715
39,70100,1173
39,70380,24241
39,70520,151
39,70534,1089
39,70576,323
39,70814,653
39,71080,234
39,71206,970
39,71220,4135
39,71360,415
39,71416,11499
39,71444,724
39,71486,2366
39,71640,3365
39,71682,28541
39,71892,13882
39,71962,500
39,71976,915
39,72060,4471
39,72088,8965
39,72102,9263
39,72242,221
39,72256,811
39,72298,614
39,72396,1498
39,72424,20309
39,72494,2498
39,72522,4812
39,72578,121
39,72788,1333
39,72928,23702
39,72977,1473
39,73040,1560
39,73068,2660
39,73124,1689
39,73264,21264
39,73446,6793
39,73670,3679
39,73684,3939
39,73698,212
39,73768,326
39,73796,401
39,73824,652
39,73894,1902
39,73950,123
39,73992,691
39,74034,2164
39,74076,19475
39,74104,11073
39,74118,58082
39,74216,419
39,74300,68
39,74608,18064
39,74748,474
39,74804,144
39,74916,577
39,74944,33957
39,74958,2753
39,75000,260
39,75014,17796
39,75098,45511
39,75126,9916
39,75140,1241
39,75196,217
39,75210,2331
39,75252,425
39,75406,243
39,75574,107
39,75602,8340
39,75896,3856
39,75980,772
39,76022,19035
39,76050,779
39,76106,18317
39,76148,264
39,76428,2323
39,76582,6018
39,76680,1092
39,76764,605
39,76778,17603
39,76806,1225
39,76834,612
39,76876,10484
39,76932,217
39,77000,265304
39,77070,388
39,77112,5190
39,77308,346
39,77322,13758
39,77406,322
39,77504,22940
39,77588,26848
39,77924,1024
39,78050,19439
39,78176,5155
39,78470,6949
39,78624,1564
39,78834,234
39,78932,13203
39,79002,35743
39,79044,6647
39,79072,11161
39,79100,996
39,79114,2115
39,79226,230
39,79268,1849
39,79282,647
39,79394,570
39,79492,14938
39,79534,339
39,79562,11040
39,79632,136
39,79716,10704
39,79898,394
39,79912,2714
39,80178,222
39,80304,24709
39,80402,527
39,80458,1010
39,80486,3043
39,80500,316
39,80738,1988
39,80766,9786
39,80892,38751
39,80990,13388
39,81032,648
39,81718,14412
39,81732,701
39,81858,6003
39,81928,7443
39,81935,4114
39,82334,851
39,82348,687
39,82376,919
39,82390,737
39,82418,2812
39,82642,4851
39,82712,5457
39,82740,3041
39,82880,1306
39,83090,12874
39,83216,161
39,83342,37958
39,83384,532
39,83468,1202
39,83580,4488
39,83608,2448
39,83622,33972
39,83706,219
39,83734,1756
39,83804,410
39,83818,758
39,83888,129
39,83902,4805
39,83972,1472
39,84182,165
39,84196,1434
39,84294,3051
39,84308,1738
39,84574,319
39,84742,19727
39,84770,5063
39,85036,12616
39,85190,107
39,85232,6122
39,85288,2624
39,85414,1012
39,85484,24163
39,85512,9954
39,85638,14123
39,85736,397
39,85792,12600
39,85806,280
39,85834,132
39,85876,981
39,85946,1668
39,86184,3676
39,86366,3867
39,86394,638
39,86436,2170
39,86478,287
39,86492,1985
39,86548,27030
39,86604,14497
39,86632,153
39,86730,8672
39,86772,25725
39,86856,74
39,86940,3718
39,87164,104
39,87178,942
39,88000,59108
39,88028,221
39,88070,189
39,88084,24651
39,88168,173
40,00100,416
40,00200,16611
40,00250,740
40,00450,86
40,00600,734
40,00700,323
40,01050,60
40,01150,219
40,01250,496
40,01350,169
40,01400,807
40,01700,18635
40,01800,4978
40,01900,444
40,01950,191
40,02000,39
40,02050,5518
40,02250,2193
40,02300,1002
40,02500,660
40,02550,174
40,02600,24847
40,02650,1849
40,02750,116
40,02800,484
40,03000,374
40,03050,31
40,03300,2953
40,03350,86
40,03500,303
40,04250,1011
40,04450,38114
40,04700,133
40,04750,1262
40,05000,1186
40,05400,313
40,05550,432
40,05650,181
40,05700,20369
40,05800,3198
40,05900,179
40,06100,574
40,06200,440
40,06400,30698
40,06450,69
40,06600,6072
40,06650,712
40,06700,9663
40,06950,244
40,07300,1109
40,07350,599
40,07450,403
40,07500,1086
40,07750,583
40,07950,354
40,08150,163
40,08300,86
40,08400,268
40,08450,164
40,08550,995
40,08600,202
40,08725,339
40,08750,97
40,08900,4258
40,09050,119194
40,09100,4222
40,09150,122
40,09400,72
40,09850,1015
40,09950,124
40,10050,125
40,10250,1902
40,10450,205
40,10550,198
40,10600,1406
40,10650,36
40,10700,3135
40,10800,1055
40,10950,3023
40,11050,488
40,11100,314
40,11150,179
40,11300,332
40,11450,145
40,11550,190
40,11600,453
40,11650,481
40,11990,116
40,12000,355
40,12050,1373
40,12100,565
40,12200,84
40,12300,178
40,12650,919
40,12750,171
40,12900,7510
40,12960,430
40,13000,419
40,13100,83
40,13135,1228
40,13500,2924
40,13600,407
40,13650,3083
40,13700,1994
40,13750,1446
40,13900,732
40,13950,16745
40,14200,12240
40,14300,2133
40,14500,166
40,14700,20385
40,14900,555
40,15050,36
40,15300,276
40,15350,3223
40,15400,8383
40,15800,1666
40,16050,1076
40,16100,753
40,16200,638
40,16350,9296
40,16400,110
40,16450,1404
40,16500,2266
40,17050,2
40,17100,729
40,17300,583
40,17350,112
40,17550,113
40,17700,469
40,17800,10786
40,17950,362
40,18250,1372
40,18450,237
40,18550,298
40,18850,8391
40,18950,368
40,19000,798
40,19050,108
40,19350,840
40,19400,245
40,19450,2800
40,19650,74
40,19850,267
40,19900,21312
40,20300,413
40,20450,91
40,20500,759
40,20550,3419
40,20650,968
40,20700,1351
40,20850,411
40,20900,226
40,21200,194
40,21250,50
40,21350,404
40,21700,455
40,21750,2535
40,21900,23170
40,22050,20296
40,22200,326
40,22400,284
40,22500,608
40,22550,392
40,23200,98103
40,23350,314
40,23450,3612
40,23500,11279
40,23550,63
40,23600,745
40,23700,19216
40,23900,732
40,23950,50577
40,24200,967
40,24460,166
40,24650,2833
40,24850,1103
40,24900,1105
40,24950,130
40,25000,72
40,25100,2661
40,25250,25
40,25400,315
40,25450,306
40,25650,113
40,26250,185
40,26350,1245
40,26750,15
40,26850,1046
40,26900,451
40,27100,504
40,27150,347
40,27200,3831
40,27350,315
40,27400,496
40,27450,101
40,27500,248
40,27600,433
40,27650,251
40,27800,3419
40,27850,180
40,27900,23
40,28250,422
40,28350,254
40,28500,717
40,28700,177
40,28800,60
40,28900,980
40,28950,157
40,29100,1164
40,29150,95
40,29400,510
40,29600,14349
40,29850,3321
40,29900,252
40,30200,920
40,30300,993
40,30350,169
40,30400,98
40,30600,274
40,30750,32
40,30850,900
40,30900,78
40,30950,1628
40,31150,135
40,31250,116
40,31600,7293
40,31700,11398
40,31750,12287
40,31900,702
40,32050,110
40,32250,459
40,32350,107
40,32550,197
40,32750,6534
40,32850,1896
40,32900,1690
40,33000,105
40,33150,284
40,33300,77
40,33350,2353
40,33400,3024
40,33450,1534
40,33600,65
40,33700,2174
40,33750,5612
40,34150,83
40,34650,71
40,34750,4907
40,34850,100
40,34900,63
40,35000,3358
40,35030,266
40,35300,87
40,35400,5918
40,35500,1721
40,35550,34
40,35850,3280
40,36000,1715
40,36020,0
40,36090,94
40,36150,640
40,36300,5190
40,36400,488
40,36600,140
40,36700,903
40,36750,6971
40,36850,277
40,36950,146
40,37100,1892
40,37410,59
40,37650,2458
40,37750,11
40,37800,27553
40,37850,290
40,38000,195
40,38200,465
40,38350,3169
40,38600,744
40,38700,339
40,38800,328
40,39000,1034
40,39050,130
40,39150,92
40,39200,157
40,39500,446
40,39550,513
40,39600,260
40,39750,2255
40,39800,88
40,39850,5057
40,39900,1475
40,39950,286
40,40000,600
40,40100,5
40,40200,1268
40,40300,2070
40,40400,246
40,40700,525
40,40800,89
40,41250,122
40,41300,6
40,41350,288
40,41500,650
40,41550,1692
40,41700,1189
40,41760,123
40,41850,90245
40,42050,399
40,42150,156
40,42200,271
40,42300,278
40,42450,76
40,42700,2032
40,42860,156
40,43000,66
40,43150,2866
40,43450,106
40,43500,1392
40,43725,77
40,43750,5190
40,43850,364
40,43950,183
40,44000,103
40,44100,4
40,44150,15
40,44300,69
40,44500,1587
40,44800,18140
40,44950,365
40,45350,4488
40,45500,24
40,45750,4028
40,46000,87
40,46050,2740
40,46150,170
40,46200,3335
40,46300,730
40,46400,68
40,46450,191
40,46500,2841
40,46550,184
40,46600,4495
40,46650,224
40,46700,159
40,46900,873
40,47000,29
40,47150,1083
40,47250,235
40,47300,885
40,47350,461
40,47450,1020
40,47750,193
40,47800,16
40,48000,12866
40,48350,58086
40,48400,252
40,48500,289
40,48600,213
40,48750,1517
40,49000,33
40,49200,63470
40,49250,1139
40,49400,1321
40,49450,715
40,49550,971
40,49600,318
40,49650,735
40,49850,3341
40,49860,0
40,49900,230
40,50050,36873
40,50100,23270
40,50150,62
40,50300,187
40,51050,89
40,51150,14001
40,51250,2716
40,51300,2176
40,51800,3826
40,51850,2289
40,52100,807
40,52150,7739
40,52450,123
40,52500,130046
40,52600,995
40,52700,294
40,52900,3551
40,53400,892
40,53550,273
40,53600,70
40,53700,438
40,54000,890
40,54050,1176
40,54100,567
40,54150,1046
40,54200,3051
40,55000,702767
40,55150,11376
40,55200,347
40,55450,464
40,55750,1335
40,55850,322
40,56050,138
40,56150,178
40,56650,41162
40,56800,420
40,56900,1302
40,57100,584
40,57150,74
40,57550,6053
40,57600,2926
40,57650,1944
40,58050,106
40,58100,128
40,58150,3270
40,58250,4424
40,58500,124
40,58700,8804
40,59150,2139
40,59350,175
40,59700,187
40,59750,4527
40,59850,24306
40,59950,882
40,60150,624
40,60250,608
40,60350,9075
40,60500,2400
40,60850,385
40,61000,9636
40,61150,6864
40,61250,27
40,61400,827
40,61550,849
40,61650,270
40,61700,544
40,61850,291
40,61900,64
40,61950,280
40,62000,461
40,62200,100
40,62550,530
40,62650,248
40,62900,19
40,62950,106
40,63100,134
40,63350,869
40,63450,395
40,63500,351
40,63600,745
40,63700,126
40,63750,632
40,63800,3818
40,63900,254
40,64000,70
40,64050,50
40,64300,1008
40,64600,668
40,64850,129
40,64950,1097
40,65000,8641
40,65300,20075
40,65400,22981
40,65500,81
40,65600,616
40,65650,339
40,65700,4793
40,65900,429
40,66250,813
40,66350,7262
40,66400,748
40,66550,994
40,66650,128
40,66750,1210
40,66800,31803
40,67200,329
40,67550,396
40,67800,65
40,67850,8760
40,67950,4257
40,68000,159
40,68200,50
40,68400,1250
40,68500,228
40,68600,684
40,68950,123
40,69000,150
40,69050,356
40,69200,3890
40,69300,1148
40,69350,2172
40,69400,319
40,69500,697
40,70150,669
40,70200,19
40,70250,2756
40,70300,49525
40,70350,3771
40,70500,419
40,70750,67
40,70800,1411
40,70850,432
40,70950,30
40,71000,2829
40,71050,194
40,71250,23
40,71350,4880
40,71450,112
40,71900,102
40,72050,172
40,72100,16833
40,72200,260
40,72250,931
40,72350,278
40,72400,156
40,72500,117
40,72650,6335
40,72750,837
40,72850,83
40,72900,276
40,73100,819
40,73150,40
40,73200,405
40,73250,9368
40,73450,1137
40,73850,846
40,73900,3062
40,74150,2995
40,74400,340
40,74550,389
40,74650,107
40,75000,411894
40,75050,324
40,75250,424
40,75450,8373
40,75750,717
40,75950,2022
40,76500,647
40,76600,20
40,76650,806
40,76900,578
40,76950,330
40,77000,514
40,77050,5736
40,77150,44
40,77250,1388
40,77300,585
40,77550,5312
40,77850,8375
40,77900,96
40,77950,304
40,78150,2359
40,78200,280
40,78250,97
40,78300,385
40,78400,1609
40,78500,10472
40,78650,172
40,78700,718
40,78950,2606
40,79100,278
40,79200,1323
40,79250,1838
40,79300,662
40,79350,699
40,79450,12023
40,79600,60
40,79650,340
40,79750,640
40,79800,798
40,79900,692
40,80250,454
40,80350,1056
40,80450,1406
40,80500,1135
40,80550,3084
40,80800,382
40,81000,2293
40,81300,117
40,81500,1426
40,81575,556
40,81750,1058
40,82000,153
40,82150,11753
40,82200,599
40,82250,491
40,82400,1927
40,82450,378
40,82500,1069
40,82650,49
40,82950,26388
41,00275,1018
41,00350,383
41,00500,155
41,01000,57053
41,02000,1763
41,02250,39
41,02800,639
41,03050,21061
41,03150,9986
41,03200,1186
41,03250,4164
41,03300,1118
41,03650,10225
41,03800,3304
41,03850,1807
41,04000,137
41,04800,1386
41,05350,96945
41,05800,104557
41,07200,4268
41,07300,411
41,08650,6672
41,09050,1849
41,09800,2710
41,10050,437
41,10750,17944
41,10850,1503
41,10950,654
41,11000,1662
41,11150,2225
41,11600,1359
41,11850,2052
41,12400,19171
41,13050,769
41,13750,1753
41,14400,1311
41,14750,1944
41,15000,718
41,15250,15595
41,15350,3991
41,15550,14981
41,15800,61087
41,15950,10623
41,16250,618
41,16950,5597
41,17300,1670
41,17700,17644
41,18250,2650
41,18300,132
41,18850,1528
41,19100,188
41,20100,1000
41,20500,1194
41,20900,631
41,21050,3179
41,21150,1407
41,21250,1860
41,21550,9829
41,22200,622
41,22550,1692
41,22800,187
41,23500,2130
41,23800,5421
41,23850,177899
41,24250,10782
41,24550,1066
41,26050,9470
41,26200,26799
41,26650,445
41,28000,823
41,28100,667
41,28200,472
41,28450,1870
41,28650,2547
41,29000,11865
41,29350,864
41,29900,2327
41,29950,1321
41,30500,30
41,30550,39149
41,30650,161
41,31250,110685
41,31600,379
41,31650,366
41,31750,951
41,32050,28409
41,32550,3701
41,33250,190
41,33550,1120
41,33700,19489
41,34100,107730
41,34250,1626
41,34900,8346
41,35450,3372
41,35700,510
41,35800,156
41,36050,243
41,36150,10247
41,36400,325
41,36500,2008
41,36750,1121
41,37000,2936
41,37250,3267
41,37550,1659
41,37650,543
41,37850,138
41,37900,1198
41,38000,7072
41,38500,38564
41,39150,4968
41,39700,21888
41,40300,4530
41,40350,12973
41,40550,39924
41,40650,1854
41,40700,2458
41,41050,2540
41,41650,19726
41,42200,226
41,42600,10007
41,43400,23
41,43550,171
41,43900,251
41,44050,1256
41,44300,1207
41,45000,34450
41,45250,7744
41,45400,741
41,45700,642
41,46500,418
41,46730,801
41,47000,85098
41,47700,834
41,47750,1022
41,48150,1990
41,48300,3311
41,48600,6977
41,48650,21594
41,49150,137
41,49450,10103
41,49550,11270
41,49600,673
41,49750,116
41,50000,380
41,50050,463
41,50150,3429
41,50250,554
41,50950,3501
41,51050,2471
41,51700,273
41,52100,26095
41,52450,10489
41,53000,10054
41,53150,3378
41,53300,496
41,53750,3253
41,54000,951
41,54100,3147
41,54900,11866
41,55200,37351
41,56250,255
41,57150,17289
41,57450,5714
41,57500,4422
41,57650,1307
41,59000,630498
41,59250,1135
41,59600,709
41,59650,836
41,59750,80
41,59850,11745
41,60850,1926
41,61200,37009
41,61300,4321
41,61700,170
41,61850,1224
41,62250,533
41,62900,1449
41,63450,2357
41,63650,23861
41,64200,277
41,64600,14437
41,64850,424
41,64900,177432
41,65250,12946
41,65500,8259
41,65650,961
41,65800,414
41,65950,7164
41,66200,164
41,66550,3064
41,66700,31
41,67050,6483
41,67100,19957
41,67500,1220
41,67650,10341
41,67950,2979
41,68550,369
41,69450,138
41,69600,61085
41,69900,2099
41,70200,8225
41,70700,2912
41,70850,117
41,71000,209
41,71650,8652
41,71950,10206
41,72500,6332
41,72600,1247
41,72950,15786
41,73650,55590
41,73700,5196
41,74000,3514
41,74850,15717
41,74950,27383
41,75150,2393
41,75550,168
41,75650,7755
41,75850,2118
41,76250,43
41,76600,1933
41,77050,5183
41,77250,2425
41,78000,2257
41,78150,828
41,78900,6255
41,78950,437
41,79050,223
41,79950,256
41,80150,26629
41,80350,700
41,81300,428
41,82350,2258
41,82800,26345
41,83400,5678
41,83750,29033
41,83950,4717
41,84200,1010
41,84250,1153
41,84600,1038
42,00116,1041
42,00332,142
42,00364,1966
42,00396,202
42,00540,4121
42,00572,137
42,00628,1496
42,00660,2577
42,00676,4210
42,00756,371
42,00820,9022
42,00988,478
42,02000,124880
42,02184,42788
42,02264,6843
42,02288,6875
42,02720,1568
42,02752,330
42,02832,7457
42,02928,881
42,03032,100
42,03088,4676
42,03120,248
42,03264,2483
42,03272,2603
42,03296,209
42,03320,2806
42,03384,1304
42,03392,3231
42,03480,107
42,03488,675
42,03576,467
42,03608,4588
42,03632,1460
42,03640,2524
42,03656,1261
42,03688,885
42,03736,3809
42,03928,20708
42,03984,1218
42,04032,5128
42,04136,185
42,04432,2879
42,04568,388
42,04599,296
42,04608,146
42,04688,4352
42,04792,8777
42,04816,896
42,04848,993
42,04896,874
42,04944,2830
42,04984,731
42,05216,1465
42,05256,5930
42,05288,991
42,05312,8000
42,05384,1773
42,05504,1850
42,05520,385
42,05536,748
42,05648,180
42,05672,2331
42,05680,822
42,05776,1960
42,05848,902
42,05856,323
42,05888,10261
42,05936,1048
42,05976,242
42,06064,32398
42,06088,78300
42,06240,1837
42,06296,1245
42,06344,633
42,06504,5095
42,06560,87
42,06824,228
42,06904,3203
42,06928,6653
42,07000,1402
42,07040,1221
42,07120,340
42,07128,13112
42,07160,1509
42,07480,426
42,07560,1788
42,07712,1204
42,07880,895
42,07960,4257
42,07976,3127
42,07992,1670
42,08008,1666
42,08040,7560
42,08064,1144
42,08416,9706
42,08472,596
42,08568,5310
42,08624,4622
42,08632,732
42,08744,411
42,08760,9876
42,08896,360
42,08960,2238
42,09080,8291
42,09224,3918
42,09400,678
42,09432,2102
42,09528,408
42,09696,1302
42,10224,1403
42,10240,143
42,10256,1965
42,10280,185
42,10464,13099
42,10768,4639
42,10792,144
42,10800,349
42,10808,53
42,10912,2320
42,11000,8163
42,11152,9629
42,11160,1713
42,11232,8796
42,11272,22341
42,11328,409
42,11336,7847
42,11456,1014
42,11472,4004
42,11616,154
42,11624,114
42,11632,134
42,11680,8101
42,11720,6469
42,11736,1527
42,12104,316
42,12184,173
42,12224,3222
42,12296,972
42,12312,5
42,12376,1236
42,12496,719
42,12504,4396
42,12536,22245
42,12656,220
42,12704,4174
42,13120,269
42,13152,57
42,13208,33595
42,13232,2918
42,13240,796
42,13384,139
42,13392,1612
42,13440,893
42,13512,1099
42,13608,3035
42,13704,5949
42,13776,401
42,13800,4295
42,13832,562
42,13864,1513
42,13880,5060
42,13896,186
42,14000,719
42,14064,5810
42,14160,2020
42,14264,6796
42,14376,431
42,14520,1314
42,14568,110
42,14584,128
42,14600,2427
42,14640,89
42,14656,418
42,14712,13275
42,14800,1099
42,14896,617
42,15192,5351
42,15232,8833
42,15384,10380
42,15432,2448
42,15680,707
42,15744,612
42,15760,720
42,15776,6700
42,15808,755
42,15848,9256
42,15872,2135
42,15888,1817
42,16056,2486
42,16080,389
42,16128,3494
42,16144,5344
42,16256,4622
42,16296,6075
42,16304,313
42,16448,2314
42,16568,694
42,16848,5866
42,16960,566
42,17024,282
42,17136,1486
42,17152,1610
42,17416,537
42,17840,2501
42,17976,285
42,18000,964
42,18048,2691
42,18072,4174
42,18088,1289
42,18136,4140
42,18152,10614
42,18192,245
42,18272,790
42,18360,339
42,18400,539
42,18496,743
42,18576,678
42,18736,666
42,18768,2607
42,18800,705
42,18888,3758
42,18960,2586
42,19160,6002
42,19208,2634
42,19472,100
42,19536,4500
42,19576,7930
42,19696,1949
42,19752,8320
42,19784,8338
42,19856,1554
42,19976,35
42,20104,2269
42,20136,7320
42,20144,1175
42,20152,180
42,20216,976
42,20240,1455
42,20248,1216
42,20328,364
42,20352,14186
42,20424,2556
42,20432,5072
42,20512,5075
42,20528,451
42,20648,152
42,20776,1107
42,20792,1567
42,20840,803
42,20904,743
42,20992,1057
42,21200,3157
42,21384,2687
42,21444,1992
42,21648,29538
42,21688,4571
42,21712,1855
42,21728,927
42,21752,552
42,21816,250
42,21872,9042
42,21968,177
42,21976,591
42,22016,1826
42,22128,299
42,22144,3337
42,22264,8962
42,22296,2435
42,22520,3026
42,22576,1627
42,22608,5821
42,22672,4932
42,22712,198
42,22800,260
42,22832,323
42,22888,736
42,22960,200
42,22992,1355
42,23016,12000
42,23024,1340
42,23152,1791
42,23280,1091
42,23296,925
42,23304,7454
42,23440,1391
42,23568,603
42,23584,12017
42,23600,1856
42,23616,2426
42,23768,294
42,23832,13660
42,24000,92957
42,24040,415
42,24160,3309
42,24248,1689
42,24304,1746
42,24336,740
42,24392,5524
42,24432,877
42,24488,1165
42,24536,1815
42,24560,540
42,24832,184
42,25136,1014
42,25152,250
42,25360,4160
42,25416,474
42,25456,485
42,25584,509
42,25680,1508
42,25944,371
42,26280,4046
42,26296,1263
42,26408,6735
42,26512,2781
42,26520,351
42,26560,1751
42,26592,6189
42,26760,109
42,26880,4233
42,27008,4798
42,27112,178
42,27120,5180
42,27232,3883
42,27312,115
42,27360,269
42,27456,5935
42,27552,15024
42,27576,543
42,27688,425
42,27696,558
42,27712,1464
42,27744,3822
42,27760,2894
42,27784,1693
42,27968,99
42,28280,959
42,28328,1490
42,28520,411
42,28720,2303
42,28824,203
42,28960,8468
42,29088,584
42,29232,2944
42,29264,1315
42,29392,68
42,29432,4301
42,29512,250
42,29568,368
42,29592,202
42,29632,123
42,29720,7168
42,29732,567
42,29760,2122
42,30016,928
42,30128,766
42,30280,348
42,30600,733
42,30728,623
42,30896,4244
42,31082,20
42,31088,488
42,31192,253
42,31200,14603
42,31256,4755
42,31328,5484
42,31656,7779
42,32032,805
42,32056,2774
42,32080,1170
42,32120,4474
42,32448,16573
42,32688,926
42,32800,50012
42,32896,800
42,32936,248
42,33000,2817
42,33080,1189
42,33088,8257
42,33112,3486
42,33200,1223
42,33216,468
42,33312,79
42,33408,30037
42,33592,1239
42,33744,6117
42,34064,15923
42,34080,344
42,34664,2713
42,35224,5506
42,35408,1716
42,35424,2853
42,35488,89
42,35520,4438
42,35528,1900
42,35576,129
42,35608,610
42,35624,304
42,35648,187
42,35896,1152
42,35928,743
42,35960,659
42,36152,1343
42,36160,2116
42,36192,981
42,36232,4505
42,36288,303
42,36368,6898
42,36592,497
42,36616,520
42,36640,852
42,36816,14289
42,36888,389
42,36944,1790
42,37000,3259
42,37192,535
42,37208,3813
42,37304,948
42,37496,187
42,37640,1822
42,37696,570
42,37784,8591
42,37792,108
42,37880,241
42,37944,653
42,37955,12178
42,38000,4699
42,38048,666
42,38096,2130
42,38128,4087
42,38160,4488
42,38200,4529
42,38248,2329
42,38288,17950
42,38400,1645
42,38640,553
42,38688,3499
42,38768,167
42,39256,2992
42,39352,6521
42,39784,13331
42,40016,285
42,40040,3887
42,40272,1076
42,40360,671
42,40400,696
42,40584,2703
42,40656,4164
42,40744,358
42,40848,1455
42,40960,2864
42,41216,57153
42,41264,136
42,41272,223
42,41336,494
42,41392,1624
42,41416,1491
42,41432,18978
42,41440,11077
42,41464,4145
42,41512,316
42,41608,4252
42,41680,7922
42,41768,4286
42,41834,143
42,41848,564
42,42016,688
42,42168,26378
42,42280,2091
42,42352,1946
42,42392,1124
42,42472,5256
42,42648,4785
42,42688,178
42,42824,289
42,42968,379
42,42976,5255
42,42984,559
42,43000,8418
42,43064,2266
42,43128,230
42,43232,1481
42,43248,857
42,43408,895
42,43656,942
42,43816,9742
42,43928,241
42,43944,4866
42,43968,966
42,44128,8457
42,44400,463
42,44416,1442
42,44512,414
42,44664,579
42,44704,1168
42,44864,11561
42,45568,2723
42,45592,1857
42,45752,442
42,45824,2469
42,45992,885
42,46000,1124
42,46072,2017
42,46120,289
42,46216,477
42,46256,17132
42,46264,5695
42,46376,3128
42,46392,3263
42,46400,338
42,46488,357
42,46568,315
42,46592,3520
42,46792,3424
42,46864,2788
42,46888,4994
42,46944,310
42,47000,3520
42,47064,370
42,47080,3058
42,47248,407
42,47344,2432
42,47400,389
42,47424,2954
42,47472,408
42,47480,551
42,47544,196
42,47560,235
42,47672,1425
42,47872,1830
42,47968,2673
42,48000,3159
42,48048,2417
42,48176,1763
42,48360,12361
42,48376,9911
42,48448,459
42,48480,5862
42,48696,1933
42,48704,1496
42,48856,325
42,48912,2016
42,48960,1318
42,49048,363
42,49128,9608
42,49184,2374
42,49240,915
42,49272,518
42,49288,3441
42,49304,818
42,49368,1065
42,49400,1128
42,49504,1202
42,49552,280
42,49680,2522
42,49720,694
42,49728,9252
42,49760,1460
42,49768,821
42,49920,3250
42,49936,386
42,49944,984
42,50016,6497
42,50088,4400
42,50232,543
42,50272,2917
42,50320,5487
42,50344,6723
42,50408,4087
42,50432,482
42,50528,27974
42,50544,1573
42,50632,1543
42,50720,4666
42,50736,1279
42,50880,5982
42,51144,9705
42,51176,2756
42,51208,2017
42,51488,90
42,51496,5635
42,51568,188
42,51592,2011
42,51632,823
42,51656,8340
42,51744,3261
42,51760,3235
42,51880,4161
42,51912,3042
42,51984,2257
42,52016,2991
42,52056,1428
42,52264,2398
42,52320,10380
42,52432,20745
42,52488,3109
42,52584,10615
42,52616,2438
42,52664,4488
42,52808,6061
42,52984,1488
42,53088,3344
42,53152,250
42,53160,489
42,53168,134
42,53184,1343
42,53200,787
42,53248,953
42,53288,5534
42,53296,2812
42,53320,125
42,53336,79
42,53344,366
42,53368,21413
42,53416,123
42,53448,221
42,53464,7547
42,53496,2024
42,53504,493
42,53544,657
42,53568,5089
42,53592,318
42,53696,5748
42,53712,2631
42,53736,11911
42,53768,185
42,53880,802
42,53916,54
42,53920,1901
42,53928,191
42,53944,1065
42,53968,1494
42,54016,251
42,54024,231
42,54056,822
42,54104,2285
42,54160,195
42,54184,2256
42,54320,1385
42,54344,51
42,54352,2097
42,54400,709
42,54656,35769
42,54696,10404
42,54728,1223
42,54776,1832
42,54816,4153
42,54872,3015
42,54888,1282
42,54952,4043
42,55000,3461
42,55136,814
42,55456,3839
42,55512,3416
42,55608,2247
42,55664,5890
42,55752,671
42,55840,1428
42,56008,554
42,56088,6626
42,56408,37
42,56432,3300
42,56456,9374
42,56496,773
42,56576,8612
42,56792,5380
42,56912,479
42,56928,447
42,57112,213
42,57184,3002
42,57232,1013
42,57280,130
42,57480,5847
42,57544,886
42,57696,5616
42,57720,7702
42,57752,971
42,57976,682
42,58032,3928
42,58176,2303
42,58304,415
42,58384,621
42,58432,1683
42,58504,1628
42,58696,3462
42,58712,3244
42,58872,620
42,58936,2515
42,59054,371
42,59120,4057
42,59152,650
42,59384,9277
42,59520,1624
42,59616,414
42,59672,173
42,60000,1550542
42,60008,2710
42,60120,19871
42,60136,630
42,60264,289
42,60456,2061
42,60712,2987
42,61000,303255
42,61048,7638
42,61168,433
42,61328,8322
42,61496,195
42,61512,826
42,61536,26391
42,61632,249
42,61648,5755
42,61864,1111
42,61936,623
42,62048,2388
42,62088,2059
42,62128,1808
42,62136,279
42,62224,224
42,62264,481
42,62280,578
42,62304,793
42,62320,3568
42,62416,23349
42,62432,13355
42,62712,899
42,62744,237
42,62752,1091
42,62792,6374
42,62920,5613
42,63048,9247
42,63064,2859
42,63288,257
42,63312,137
42,63360,425
42,63408,1820
42,63624,94903
42,63808,2484
42,63840,6487
42,64200,1047
42,64376,2496
42,64432,400
42,64560,1502
42,64584,1339
42,64784,3938
42,64832,7216
42,64856,841
42,64904,919
42,65000,720
42,65112,2013
42,65256,2315
42,65336,2139
42,65392,3393
42,65496,370
42,65568,2617
42,65736,828
42,65944,381
42,66016,707
42,66168,1559
42,66192,1012
42,66232,176
42,66320,424
42,66440,445
42,66560,1127
42,66576,4916
42,66720,809
42,66928,778
42,67120,851
42,67224,2756
42,67256,75
42,67304,1890
42,67344,12399
42,67384,332
42,67584,688
42,67616,246
42,67632,307
42,67648,765
42,67848,633
42,67920,614
42,68056,1386
42,68072,713
42,68096,5400
42,68104,728
42,68152,327
42,68312,5256
42,68328,1287
42,68432,4337
42,69000,75805
42,69216,5562
42,69248,4515
42,69309,2862
42,69336,25
42,69360,480
42,69368,402
42,69376,3772
42,69400,829
42,69416,688
42,69456,77
42,69600,6803
42,69616,1639
42,69680,192
42,69720,12813
42,69752,5958
42,69776,3062
42,69800,4147
42,69936,146
42,70040,101
42,70056,4246
42,70224,626
42,70248,5464
42,70304,1070
42,70352,5594
42,70368,436
42,70376,154
42,70384,1649
42,70408,138
42,70464,1356
42,70568,3907
42,70744,798
42,70880,4275
42,71144,4250
42,71176,673
42,71184,3579
42,71248,1386
42,71256,56
42,71320,805
42,71424,337
42,71600,657
42,71620,17
42,71688,322
42,71776,5898
42,71856,7276
42,71976,475
42,72072,1713
42,72080,1850
42,72168,922
42,72192,2109
42,72216,377
42,72344,1996
42,72376,634
42,72448,402
42,72592,1065
42,72616,2173
42,72648,6166
42,72704,274
42,72736,1070
42,72872,367
42,72920,3830
42,72960,3273
42,73192,2488
42,73784,173
42,73808,40687
42,73888,6308
42,74104,2176
42,74184,199
42,74224,418
42,74232,913
42,74288,931
42,74672,292
42,74712,3094
42,74728,525
42,74888,5832
42,75000,4704
42,75024,544
42,75072,998
42,75136,466
42,75168,501
42,75248,3134
42,75304,9539
42,75568,1343
42,75584,550
42,75648,6536
42,75816,8290
42,75832,5030
42,75888,1089
42,75944,214
42,76032,6917
42,76104,4187
42,76144,1407
42,76184,6246
42,76304,4896
42,76400,1338
42,76496,248
42,76536,623
42,76560,452
42,76632,435
42,76648,4102
42,76696,613
42,76744,141
42,76808,602
42,76848,415
42,76904,5164
42,77104,2038
42,77168,2774
42,77184,1429
42,77232,319
42,77272,3243
42,77288,1960
42,77304,4009
42,77392,1684
42,77568,226
42,77584,1241
42,77704,895
42,77744,2250
42,77784,1737
42,77808,310
42,77832,664
42,77912,4929
42,78008,213
42,78168,5328
42,78240,589
42,78448,2866
42,78456,220
42,78528,9577
42,78616,259
42,78712,3036
42,79424,235
42,79472,183
42,79504,690
42,79644,5
42,79768,397
42,79776,4958
42,79792,721
42,79912,207
42,80032,2395
42,80040,1426
42,80288,404
42,80368,122
42,80600,497
42,80640,318
42,80800,2086
42,80880,546
42,81000,9125
42,81080,532
42,81328,13429
42,81424,202
42,81456,1446
42,81616,2214
42,81648,347
42,81712,1290
42,81824,11067
42,81832,3728
42,81856,2551
42,82080,412
42,82128,208
42,82160,3427
42,82200,298
42,82296,2770
42,82344,3148
42,82616,971
42,82704,19658
42,82736,1495
42,82832,1241
42,82848,388
42,82968,1097
42,83104,2805
42,83136,5171
42,83200,1803
42,83248,1159
42,83328,1243
42,83376,323
42,83472,1168
42,83496,794
42,83504,109
42,83512,18916
42,83584,4825
42,83680,2605
42,83736,348
42,83856,4648
42,83928,4543
42,84064,177
42,84144,6437
42,84272,2653
42,84288,5078
42,84376,569
42,84440,1135
42,84512,14615
42,84552,1178
42,84704,7346
42,85152,44254
42,85188,13813
42,85272,1198
42,85312,27470
42,85320,1293
42,85496,1715
42,85528,204
42,85592,8135
42,85632,3835
42,85664,3601
42,85728,1351
42,85872,608
42,86056,2884
42,86128,283
42,86160,135
42,86528,3067
42,86560,577
42,86568,71
42,86640,2247
42,86656,610
42,86856,3118
42,86880,11132
42,86920,2582
42,86952,644
42,86968,12247
42,87040,1053
42,87048,44867
42,87064,235
42,87080,690
42,87136,698
42,87208,248
42,87224,1679
42,87232,2910
42,87272,3791
44,14140,22543
44,19180,82635
44,22960,46900
44,49960,24717
44,54640,75321
44,59000,190792
44,74300,82999
44,80780,43135
45,00100,4863
45,00550,32947
45,00955,2490
45,01360,29980
45,01450,2546
45,02125,854
45,03205,355
45,03385,1451
45,03430,1051
45,03790,2985
45,04060,4577
45,04300,5297
45,04690,13850
45,05365,4511
45,05680,6540
45,06040,331
45,06310,2862
45,06400,1912
45,06490,1907
45,06850,110
45,07210,35243
45,07255,6267
45,07525,434
45,07840,765
45,08245,971
45,08830,545
45,09865,416
45,10270,3189
45,10720,1730
45,10855,8431
45,10900,371
45,11125,738
45,11755,315
45,12655,13660
45,13015,5322
45,13060,228
45,13150,1908
45,13330,155369
45,13600,4995
45,14050,905
45,14095,5227
45,14140,1361
45,14950,17838
45,15295,7714
45,15310,582
45,15355,7391
45,16000,142416
45,16405,27985
45,16720,32
45,16855,133
45,16990,711
45,17215,751
45,17260,2190
45,17890,413
45,18565,6057
45,19105,3099
45,19420,6306
45,19870,322
45,21040,1216
45,21265,4431
45,21985,26386
45,22390,621
45,22795,4051
45,23020,1049
45,23200,442
45,23245,1645
45,23335,141
45,23470,550
45,23830,1767
45,24100,235
45,24370,1384
45,25810,40609
45,26035,2083
45,26305,10376
45,26845,973
45,26890,33626
45,27070,13027
45,27835,222
45,28060,12484
45,28780,1632
45,28870,8714
45,29005,251
45,29050,610
45,29815,49249
45,29950,52
45,30355,777
45,30490,1927
45,30535,364
45,30850,72824
45,30895,22498
45,30985,44387
45,31885,2610
45,32065,21796
45,32245,11897
45,32335,718
45,32560,7399
45,32965,832
45,33145,472
45,33640,462
45,33820,422
45,34045,38097
45,34225,163
45,34360,1252
45,34495,5445
45,34810,3848
45,35755,3249
45,35890,12033
45,36115,4370
45,36160,1174
45,36205,1604
45,36430,11903
45,36475,71
45,36610,781
45,36655,40
45,37105,1368
45,37150,2135
45,37330,821
45,38095,1905
45,38162,1975
45,38590,3072
45,38950,145
45,39310,5961
45,39715,765
45,39805,843
45,39895,9103
45,40075,2697
45,40210,454
45,40480,1252
45,40615,9288
45,41335,24921
45,41380,3309
45,41740,1187
45,41965,258
45,42100,128
45,42190,370
45,42280,82
45,42730,2749
45,42820,123
45,42865,183
45,43090,95
45,43315,6709
45,43360,308
45,43495,787
45,43585,618
45,43630,1993
45,43675,288
45,43720,2077
45,44350,3802
45,44575,6195
45,45115,28010
45,45295,544
45,45790,1431
45,47275,16621
45,47320,204
45,48355,133
45,48535,95232
45,48805,3885
45,49075,39697
45,49390,313
45,49570,10866
45,49705,2321
45,50110,223
45,50290,2061
45,50515,747
45,50560,676
45,50695,25891
45,50875,121469
45,51280,20303
45,51550,276
45,52540,542
45,52585,208
45,53080,13280
45,53845,2477
45,54025,2504
45,54340,1054
45,54700,127
45,54925,281
45,55015,135
45,55060,229
45,55150,54
45,55420,625
45,55465,1403
45,55645,3657
45,55960,206
45,56140,3391
45,56950,2293
45,57085,499
45,57670,82
45,57850,130
45,58030,16287
45,58705,1212
45,58795,905
45,59020,2642
45,59380,195
45,59425,1785
45,59920,274
45,60280,3749
45,60325,581
45,60370,1629
45,60415,256
45,61405,75654
45,61495,138
45,62035,246
45,62080,321
45,62530,1834
45,62620,1827
45,62755,1573
45,62980,123
45,63115,349
45,63250,3068
45,63790,812
45,64465,156
45,64600,655
45,64712,2103
45,65005,146
45,65095,9043
45,65410,466
45,66400,166
45,66580,27506
45,66760,754
45,67165,98
45,67210,57
45,67255,250
45,67435,430
45,67705,2385
45,68290,39040
45,68425,2720
45,68470,435
45,68875,172
45,70045,193
45,70090,1922
45,70225,789
45,70270,51884
45,70315,449
45,70405,42766
45,70585,4321
45,70675,760
45,70900,140
45,71305,71
45,71417,14057
45,71980,2105
45,72430,8750
45,72520,208
45,72655,87
45,72745,746
45,72880,59
45,73105,7881
45,73510,124
45,73555,990
45,73600,1622
45,74050,676
45,74095,4199
45,74275,5475
45,74590,120
45,74680,1703
45,74995,154
45,75580,3627
45,75850,18316
45,76165,2413
45,76345,1006
45,76435,385
45,77380,1424
45,77785,96
45,77875,4219
45,77965,2861
45,78190,120
45,78460,3264
45,78910,155
45,79090,4569
45,79450,1082
45,79630,9154
46,00100,28110
46,00460,71
46,00540,80
46,00620,9
46,00700,781
46,00820,654
46,01020,212
46,01140,31
46,01500,68
46,02180,928
46,02260,703
46,02340,8
46,02380,135
46,02540,106
46,02580,132
46,02780,1148
46,02900,595
46,03060,134
46,03380,1325
46,03420,11
46,03860,73
46,04380,5873
46,04620,42
46,04980,2103
46,05540,410
46,05620,304
46,06180,338
46,06220,257
46,06540,476
46,06620,13868
46,06660,65
46,06840,10958
46,06940,118
46,07040,56
46,07060,84
46,07180,507
46,07300,282
46,07380,1209
46,07420,27
46,07580,24312
46,07740,215
46,08060,470
46,08140,356
46,08340,149
46,08700,577
46,08820,73
46,08860,6
46,09260,64
46,09300,642
46,09420,91
46,09500,3001
46,10220,127
46,10500,706
46,10620,133
46,11060,957
46,11140,104
46,11220,2491
46,11380,316
46,11500,19
46,12020,81
46,12100,106
46,12180,1159
46,12540,1216
46,13220,654
46,13300,330
46,13380,700
46,13420,156
46,13700,140
46,13940,67
46,13980,556
46,14220,11
46,14580,103
46,14740,1371
46,15140,1844
46,15300,85
46,15420,68
46,15540,56
46,15700,1343
46,15980,3868
46,16060,153
46,16260,1046
46,16620,153
46,16820,189
46,16860,36
46,17020,42
46,17420,476
46,17620,1228
46,18180,91
46,18300,767
46,18460,246
46,18620,2075
46,18700,776
46,19420,478
46,19860,40
46,19980,768
46,20060,361
46,20180,773
46,20340,64
46,20380,101
46,20780,63
46,20980,356
46,21060,16
46,21260,823
46,21540,2358
46,21820,334
46,22260,2175
46,22580,130
46,22860,206
46,23020,1311
46,23140,80
46,23220,86
46,23460,36
46,23820,1175
46,23860,238
46,23900,378
46,23980,152
46,24260,1072
46,24620,108
46,24820,149
46,26180,1222
46,26220,46
46,26340,1355
46,27260,9435
46,27420,100
46,27540,3614
46,27820,414
46,27940,102
46,27980,189
46,28140,263
46,28300,373
46,28340,405
46,28420,76
46,28460,18
46,28980,636
46,29100,953
46,29340,0
46,29500,109
46,30140,164
46,30220,3609
46,30300,366
46,30460,833
46,30740,323
46,30900,579
46,30980,385
46,31060,14618
46,31620,66
46,31860,947
46,31940,435
46,32020,295
46,32140,145
46,32460,121
46,32700,448
46,33180,539
46,33580,284
46,33820,241
46,33980,581
46,34340,165
46,34540,69
46,35100,685
46,35220,43
46,35460,598
46,35500,613
46,35780,49
46,35820,281
46,36220,3035
46,36260,32
46,36340,1156
46,36380,2493
46,36460,416
46,36540,115
46,36620,159
46,38860,27
46,39260,5
46,39940,110
46,40020,549
46,40220,6091
46,40860,874
46,41100,926
46,41220,20
46,41860,195
46,41980,619
46,42140,109
46,42260,3512
46,42460,1326
46,42940,1142
46,42980,187
46,43100,15621
46,43180,3224
46,43380,160
46,43500,466
46,43860,45
46,44020,65
46,44100,459
46,44260,448
46,44620,41
46,44820,226
46,44860,597
46,45060,610
46,45100,54
46,45180,213
46,45700,3048
46,45740,136
46,46060,47
46,46180,390
46,46500,126
46,46780,119
46,46900,64
46,46980,15
46,47180,658
46,47460,52
46,47660,48
46,48380,1271
46,48460,1544
46,48940,173
46,49300,758
46,49460,228
46,49500,1015
46,49540,124
46,49600,13880
46,50020,782
46,50260,1242
46,51260,222
46,51820,464
46,51940,111
46,52220,238
46,52500,64
46,52860,163
46,52980,79404
46,53220,69
46,53260,58
46,53460,2131
46,53940,56
46,54020,127
46,54220,98
46,55540,21
46,55820,281
46,56340,368
46,56380,181
46,57140,467
46,57180,163
46,57340,1335
46,57940,784
46,58140,607
46,58180,23
46,58580,75
46,58900,101
46,59020,206410
46,59260,2418
46,59940,189
46,60020,13282
46,60060,137
46,60660,1913
46,61700,318
46,61740,106
46,61980,67
46,62020,58
46,62100,7067
46,62155,3000
46,62220,277
46,62820,403
46,63100,7381
46,63620,516
46,63700,37
46,63740,196
46,63940,235
46,64020,564
46,64300,205
46,64540,54
46,64700,45
46,64860,1075
46,65780,71
46,66260,878
46,66540,314
46,66660,7
46,66700,12011
46,67020,834
46,67220,54
46,67340,25
46,67500,26
46,67700,2340
46,67780,157
46,68020,1426
46,68100,350
46,68380,688
46,68420,94
46,68660,43
46,68740,463
46,69140,62
46,69300,23230
46,69340,475
46,69780,1687
46,70020,174
46,70140,202
46,70220,761
46,70540,86
46,70740,13
46,70940,542
46,71180,406
46,71340,519
46,71380,7
46,71580,943
46,71940,261
46,71980,424
46,72180,2912
46,72540,465
46,72620,41
46,72700,648
46,72820,918
46,73020,111
46,73060,15630
47,00200,653
47,00240,2276
47,00440,2333
47,00540,13349
47,00620,990
47,00640,4117
47,00660,590
47,00940,1152
47,01640,1224
47,01740,15305
47,02180,5586
47,02320,14731
47,02340,10593
47,02380,955
47,02400,281
47,02780,457
47,03078,567
47,03440,56030
47,03680,1934
47,03760,3071
47,04240,451
47,04460,420
47,04620,2594
47,04720,2475
47,05040,1444
47,05140,1840
47,05380,749
47,05860,492
47,06340,2139
47,06960,1839
47,07180,5136
47,07840,252
47,07860,991
47,08280,45265
47,08500,2881
47,08540,27854
47,08920,9386
47,08960,1503
47,09560,765
47,09860,369
47,09880,1813
47,10180,812
47,10440,555
47,10560,3683
47,11280,2264
47,11360,2191
47,11980,300
47,12100,1399
47,12380,314
47,12420,3567
47,12880,1854
47,13020,895
47,13080,1708
47,14000,187030
47,14980,7232
47,15140,383
47,15160,180716
47,15400,49086
47,15480,2257
47,15580,10337
47,15920,811
47,16300,11476
47,16420,51317
47,16480,906
47,16540,47445
47,16920,36657
47,16980,4698
47,17000,451
47,17180,1323
47,17340,66
47,17680,8568
47,17700,1770
47,17840,732
47,18420,1893
47,18540,12652
47,18620,925
47,18820,315
47,18880,311
47,19380,3617
47,19700,7362
47,19880,1630
47,19900,805
47,19920,2444
47,20620,16744
47,21400,1875
47,21420,361
47,21500,526
47,21540,2953
47,21740,451
47,22000,5804
47,22180,2321
47,22200,15968
47,22360,942
47,22720,21961
47,22920,779
47,23500,14302
47,23660,533
47,24040,1553
47,24240,186
47,24320,1192
47,24360,5989
47,24440,2270
47,24460,557
47,24480,3690
47,25440,10240
47,25760,25579
47,25920,7047
47,26160,275
47,27020,4479
47,27740,88558
47,27960,615
47,28060,912
47,28380,474
47,28420,967
47,28540,50355
47,28560,530
47,28680,285
47,28740,654
47,28800,3701
47,28960,40267
47,29020,372
47,29160,474
47,29300,1359
47,29920,17429
47,30120,1380
47,30280,338
47,30760,1496
47,30880,1194
47,30960,6951
47,30980,15776
47,31000,2018
47,31490,1784
47,31680,419
47,31820,2049
47,32520,6171
47,32640,4403
47,32742,12271
47,33260,6412
47,33280,63618
47,33360,876
47,33400,449
47,33920,80
47,35160,3892
47,35280,699
47,36000,506
47,36080,259
47,36460,7840
47,36580,4504
47,36600,891
47,36640,1735
47,37600,2279
47,37640,68264
47,37780,2077
47,37820,3621
47,37960,8761
47,38020,2132
47,38320,73337
47,38540,6480
47,39140,1257
47,39400,1607
47,39560,56704
47,39620,6218
47,39660,2775
47,40000,198162
47,40160,5839
47,40180,7242
47,40200,122
47,40350,14147
47,40540,1938
47,41200,39597
47,41340,11990
47,41520,48112
47,41760,11754
47,41860,13135
47,41980,7988
47,42040,339
47,42720,1093
47,43140,4040
47,43160,968
47,43640,2053
47,43700,1802
47,43780,6652
47,43820,4347
47,44300,1064
47,44382,6716
47,44420,312
47,44840,1717
47,44940,5586
47,45000,291
47,45100,13790
47,45320,5318
47,45500,13272
47,46240,11000
47,46380,32436
47,46420,1354
47,46540,584
47,46700,2581
47,47000,5526
47,47020,191
47,48000,618639
47,48180,668
47,48340,716
47,48660,8292
47,48920,277
47,48980,6299
47,49060,11467
47,49360,514
47,49460,158
47,49740,1403
47,49760,2746
47,50220,771
47,50280,32099
47,50300,562
47,50320,2544
47,50400,2463
47,50580,5556
47,50780,42912
47,51080,4824
47,51540,6751
47,51560,165430
47,52006,687788
47,52400,3274
47,52780,961
47,52820,1806
47,52940,1383
47,53000,6973
47,53140,2803
47,53380,802
47,53460,15437
47,53580,107
47,53600,1620
47,54280,201
47,54780,4457
47,54920,10488
47,55120,33397
47,55240,976
47,55800,3398
47,55860,3815
47,56020,993
47,56040,85
47,56560,570
47,56720,10343
47,56870,283
47,57040,224
47,57080,2112
47,57480,2034
47,57740,549
47,57900,663
47,58080,6357
47,58120,1880
47,58840,2689
47,58940,461
47,59020,2175
47,59240,548
47,59560,5488
47,60280,13578
47,60500,1282
47,61040,8276
47,61160,708
47,61520,328
47,61960,12065
47,62000,1214
47,63060,1613
47,63080,447
47,63140,2134
47,63340,7626
47,63800,246
47,64160,819
47,64440,5635
47,64668,1640
47,64820,4633
47,65240,1166
47,65760,1141
47,65820,1331
47,66160,819
47,66340,424
47,66360,201
47,66660,416
47,66680,113
47,66720,7311
47,66880,885
47,66940,4482
47,67120,18102
47,67540,926
47,67760,25132
47,68540,8916
47,68560,97
47,69080,178
47,69320,5392
47,69420,57418
47,69460,1349
47,69560,13234
47,69620,3525
47,69680,1580
47,69900,2197
47,70060,2976
47,70180,4915
47,70240,1539
47,70400,1948
47,70500,19494
47,70580,57637
47,70820,413
47,70840,345
47,72140,540
47,72380,1913
47,72540,6628
47,73120,2354
47,73260,777
47,73460,1345
47,73900,8580
47,74100,1909
47,74540,3437
47,74640,269
47,74860,616
47,74880,1435
47,75000,4092
47,75100,806
47,75160,535
47,75240,1417
47,75320,21001
47,75560,3367
47,75820,3818
47,75940,10954
47,76860,582
47,77400,110
47,77480,1666
47,77540,1979
47,78100,942
47,78120,666
47,78240,360
47,78320,1605
47,78560,4275
47,78600,2319
47,79420,2784
47,79980,4161
47,80200,15340
47,80360,2571
47,80540,4561
47,80620,1612
47,81020,338
47,81080,9978
47,81280,1004
47,81560,2849
47,81700,339
47,82360,230
48,00100,364
48,00160,2814
48,01000,129043
48,01108,254
48,01240,17100
48,01324,130
48,01396,675
48,01576,20460
48,01600,7466
48,01636,499
48,01648,1923
48,01744,6287
48,01852,17579
48,01924,111620
48,02044,406
48,02104,6039
48,02188,1054
48,02212,21130
48,02260,6225
48,02272,28633
48,02284,1541
48,03000,202408
48,03072,1137
48,03084,655
48,03144,1997
48,03192,209
48,03216,13502
48,03264,20206
48,03288,459
48,03300,27501
48,03336,3385
48,03340,613
48,03342,683
48,03360,185
48,03372,2302
48,03432,3663
48,03540,916
48,03564,552
48,03588,110
48,03600,8923
48,03696,1626
48,03708,2346
48,03768,5859
48,04000,398431
48,04156,972
48,04300,690
48,04408,775
48,04504,13503
48,04516,5421
48,04600,8267
48,04672,1554
48,05000,979882
48,05036,114
48,05072,435
48,05084,370
48,05168,14562
48,05264,234
48,05288,788
48,05336,1526
48,05372,26711
48,05384,2689
48,05456,3581
48,05468,384
48,05528,879
48,05552,1543
48,05612,664
48,05708,237
48,05720,252
48,05732,1616
48,05768,1827
48,05864,11679
48,05984,17561
48,06060,1765
48,06104,273
48,06128,84067
48,06140,538
48,06200,3366
48,06242,447
48,06272,692
48,07000,112193
48,07108,742
48,07132,48370
48,07144,394
48,07156,8621
48,07192,13211
48,07300,17016
48,07396,302
48,07408,10620
48,07420,1521
48,07432,4217
48,07492,25171
48,07528,1144
48,07552,24336
48,07636,198
48,07852,904
48,07864,2060
48,08104,1867
48,08128,1041
48,08212,2753
48,08224,1308
48,08236,22373
48,08260,461
48,08392,3082
48,08398,201
48,08488,252
48,08536,2005
48,08596,366
48,08752,329
48,08788,870
48,08812,1456
48,08860,2308
48,08872,1200
48,09004,406
48,09160,21774
48,09172,1095
48,09328,10879
48,09388,196
48,09448,1362
48,09556,12115
48,09628,1649
48,09640,5964
48,09748,1757
48,09868,1334
48,09916,4965
48,10072,2853
48,10090,511
48,10132,5140
48,10144,873
48,10156,19142
48,10197,2263
48,10216,506
48,10252,9666
48,10264,6514
48,10384,182
48,10528,959
48,10636,5667
48,10648,1592
48,10708,156
48,10720,8652
48,10756,1292
48,10768,190158
48,10780,18790
48,10828,1454
48,10912,89615
48,10960,459
48,11020,388
48,11080,16030
48,11116,1855
48,11128,617
48,11155,448
48,11212,4848
48,11224,6970
48,11300,3784
48,11368,11089
48,11380,697
48,11428,55220
48,11464,6940
48,11536,282
48,11644,472
48,11656,177
48,11692,3090
48,11716,4183
48,11836,4579
48,11968,343
48,11992,970
48,12040,5511
48,12112,591
48,12388,511
48,12412,2210
48,12472,192
48,12496,4734
48,12532,16171
48,12736,287
48,12895,214
48,12916,248
48,12988,4628
48,13024,132918
48,13108,6601
48,13198,292
48,13276,3907
48,13312,3141
48,13492,48411
48,13552,77516
48,13672,868
48,13684,43317
48,13732,5163
48,13900,949
48,14224,3625
48,14260,264
48,14404,1596
48,14584,273
48,14620,1064
48,14668,5770
48,14680,542
48,14704,1282
48,14716,1131
48,14776,377
48,14860,354
48,14920,36374
48,15004,4006
48,15112,1859
48,15160,2876
48,15172,785
48,15196,1186
48,15328,1296
48,15364,36209
48,15436,9113
48,15472,3532
48,15544,1014
48,15652,10704
48,15676,3985
48,15700,902
48,15796,3633
48,15820,249
48,15892,866
48,15916,3966
48,15976,125192
48,15988,25736
48,16036,2023
48,16048,546
48,16120,3987
48,16168,3786
48,16192,4294
48,16204,3171
48,16216,2595
48,16240,9467
48,16252,746
48,16432,108248
48,16468,30321
48,16540,230
48,16552,786
48,16564,2025
48,16612,41404
48,16624,38696
48,16636,2171
48,16696,23707
48,17000,316595
48,17021,40
48,17036,1435
48,17060,25671
48,17200,236
48,17208,1621
48,17216,3612
48,17312,295
48,17336,646
48,17372,294
48,17429,289
48,17504,4995
48,17516,3362
48,17540,286
48,17564,925
48,17612,425
48,17648,1983
48,17744,6286
48,17768,1434
48,17816,935
48,17852,1964
48,17917,462
48,17948,750
48,17960,19932
48,18020,6099
48,18092,8204
48,18128,706
48,18152,115
48,18224,576
48,18260,1184
48,18464,2502
48,18476,1105
48,18524,8353
48,19000,1302868
48,19084,2275
48,19120,1675
48,19288,297
48,19420,817
48,19432,9693
48,19435,55
48,19456,522
48,19528,8016
48,19570,3206
48,19624,33176
48,19648,1461
48,19672,2337
48,19708,271
48,19792,34574
48,19900,26343
48,19924,836
48,19972,158349
48,19984,4301
48,20020,554
48,20092,55740
48,20128,707
48,20140,434
48,20152,4580
48,20308,4551
48,20332,208
48,20344,21834
48,20428,3333
48,20464,4071
48,20540,442
48,20680,391
48,20716,91
48,20848,79
48,20884,16782
48,20932,98
48,21028,3054
48,21031,286
48,21112,211
48,21424,8689
48,21436,661
48,21484,3422
48,21556,14291
48,21628,38883
48,21844,3508
48,21892,28282
48,21904,3218
48,21928,897
48,21988,2240
48,22132,3645
48,22168,956
48,22192,507
48,22276,899
48,22516,779
48,22528,2677
48,22552,1834
48,22588,3742
48,22612,1722
48,22660,105799
48,22708,88
48,22720,6012
48,22744,362
48,22864,12062
48,22905,2432
48,22960,1548
48,22984,2272
48,23044,12304
48,23140,1260
48,23164,2945
48,23176,296
48,23272,2398
48,24000,678958
48,24036,5693
48,24168,205
48,24216,1366
48,24228,356
48,24240,521
48,24348,23686
48,24552,2563
48,24636,123
48,24768,59686
48,24816,343
48,24828,1157
48,24864,458
48,24912,5941
48,25068,1000
48,25104,2972
48,25168,11406
48,25224,10790
48,25368,4420
48,25392,512
48,25452,36917
48,25488,4175
48,25548,1380
48,25572,24626
48,25644,250
48,25752,3370
48,26028,1371
48,26136,1203
48,26160,8306
48,26232,79445
48,26268,2519
48,26328,359
48,26544,14157
48,26604,35470
48,26640,215
48,26808,8113
48,27000,978468
48,27288,1728
48,27300,1111
48,27348,11542
48,27420,10550
48,27432,2363
48,27648,40826
48,27660,4057
48,27684,225007
48,27696,1794
48,27768,629
48,27804,515
48,27876,42616
48,27888,1592
48,27984,18107
48,27996,10271
48,28008,340
48,28068,53237
48,28080,2007
48,28248,4359
48,29000,243470
48,29036,865
48,29060,817
48,29108,338
48,29168,16148
48,29336,96312
48,29348,2167
48,29408,1229
48,29432,5254
48,29564,5100
48,29660,6272
48,29840,18793
48,29876,2887
48,29972,3589
48,30044,226
48,30056,1762
48,30080,1683
48,30092,679
48,30116,7221
48,30188,174
48,30224,278
48,30272,489
48,30296,159
48,30308,984
48,30380,717
48,30392,8819
48,30416,12622
48,30440,327
48,30464,202134
48,30476,3256
48,30512,1926
48,30548,1193
48,30584,5451
48,30608,288
48,30632,1487
48,30644,50928
48,30752,392
48,30920,32717
48,31064,1724
48,31100,488
48,31280,3610
48,31292,549
48,31328,16764
48,31340,934
48,31412,1083
48,31592,6824
48,31616,2463
48,31628,413
48,31715,2944
48,31820,1997
48,31868,2756
48,31880,444
48,31904,4812
48,31928,45290
48,31952,2997
48,31964,1851
48,32156,608
48,32240,847
48,32312,34447
48,32372,71510
48,32576,855
48,32696,3058
48,32720,3861
48,32810,483
48,32816,1401
48,32840,567
48,32906,259
48,32972,4535
48,32984,11238
48,33020,224
48,33044,265
48,33068,2320
48,33146,9952
48,33188,1033
48,33200,6537
48,33212,13464
48,33284,3239
48,33320,14752
48,33428,16691
48,33476,5688
48,33548,1460
48,33560,14678
48,33578,3349
48,33608,345
48,33794,421
48,33824,8642
48,33848,16100
48,33968,947
48,34018,691
48,34088,8703
48,34148,810
48,34220,7710
48,34502,1053
48,34508,1123
48,34532,1650
48,34628,3074
48,34676,8786
48,34700,1771
48,34736,2484
48,34832,24168
48,34862,5063
48,35000,2314157
48,35072,364
48,35084,3673
48,35180,1452
48,35228,5203
48,35254,2656
48,35300,1548
48,35348,16237
48,35480,4352
48,35492,2062
48,35528,48552
48,35576,39304
48,35612,6149
48,35624,38765
48,35636,363
48,35732,2106
48,35816,21
48,35918,868
48,35984,282
48,36008,10147
48,36020,602
48,36032,1849
48,36068,339
48,36092,14823
48,36104,6578
48,36128,995
48,36140,318
48,37000,254373
48,37072,2079
48,37084,1831
48,37112,1377
48,37156,9257
48,37168,4219
48,37216,14420
48,37252,1076
48,37396,3980
48,37420,7470
48,37468,494
48,37528,1851
48,37612,7653
48,37648,821
48,37684,736
48,37780,2037
48,37924,179
48,37984,1958
48,38020,2595
48,38068,7113
48,38080,8901
48,38116,4304
48,38248,2531
48,38332,5892
48,38452,3112
48,38476,26360
48,38488,9201
48,38548,6860
48,38632,46316
48,38776,2562
48,38788,1348
48,38800,1269
48,38848,352
48,38860,3403
48,38872,754
48,38884,281
48,38896,10052
48,38992,1495
48,39004,5952
48,39040,24930
48,39124,13523
48,39148,159643
48,39292,137
48,39352,24586
48,39448,8039
48,39460,2026
48,39520,107
48,39680,806
48,39700,1046
48,39844,462
48,39868,2131
48,39904,596
48,39916,1955
48,39928,6548
48,39940,401
48,39952,62548
48,40108,1206
48,40168,7309
48,40180,621
48,40204,6758
48,40264,10009
48,40276,4541
48,40288,1209
48,40336,3736
48,40384,4863
48,40450,369
48,40472,484
48,40516,7917
48,40588,27768
48,40696,989
48,40738,354
48,40744,1597
48,40756,1287
48,40804,728
48,40888,58
48,40984,19189
48,41050,739
48,41056,4616
48,41116,19605
48,41164,8266
48,41188,7855
48,41212,40215
48,41440,36991
48,41464,257602
48,41644,239
48,41764,1405
48,41788,3075
48,41800,7495
48,41848,199
48,41872,310
48,41980,116320
48,42004,331
48,42016,80067
48,42028,448
48,42148,420
48,42340,166
48,42352,2083
48,42388,11337
48,42400,360
48,42448,12530
48,42508,133553
48,42532,1289
48,42568,8774
48,42664,10428
48,42820,6923
48,42844,1813
48,42868,1197
48,42940,533
48,43012,58496
48,43024,5768
48,43066,1984
48,43096,15988
48,43120,530
48,43132,5747
48,43144,3511
48,43240,15318
48,43252,1414
48,43354,797
48,43516,800
48,43636,781
48,43684,1397
48,43888,83236
48,43996,508
48,44020,1803
48,44032,924
48,44116,8362
48,44128,1009
48,44170,21
48,44176,668
48,44260,584
48,44308,1680
48,45000,266878
48,45012,8642
48,45048,259
48,45072,34181
48,45096,5754
48,45120,14129
48,45228,2207
48,45288,3178
48,45324,6396
48,45384,146593
48,45432,1717
48,45672,5979
48,45744,213509
48,45780,648
48,45804,4954
48,45996,4602
48,46056,5320
48,46224,2251
48,46260,248
48,46440,20209
48,46452,78542
48,46500,17261
48,46584,7573
48,46620,1674
48,46668,113
48,46692,1074
48,46740,5563
48,46752,195
48,46776,24118
48,46824,1849
48,46848,1256
48,46968,2116
48,47004,546
48,47040,4285
48,47088,966
48,47268,965
48,47316,613
48,47330,1893
48,47337,4596
48,47460,179
48,47496,23571
48,47568,123
48,47616,2035
48,47628,1343
48,47700,16732
48,47760,1429
48,47796,2433
48,47820,156
48,47832,766
48,47892,147317
48,47916,6859
48,47988,549
48,48072,138397
48,48096,41352
48,48180,186
48,48336,425
48,48372,443
48,48396,923
48,48408,778
48,48478,76
48,48564,414
48,48648,5119
48,48684,15454
48,48720,236
48,48768,87292
48,48804,76773
48,48852,84
48,48858,161
48,48936,7311
48,49068,9608
48,49128,2769
48,49200,1618
48,49272,162
48,49320,235
48,49356,471
48,49380,267
48,49392,4771
48,49464,1677
48,49560,859
48,49600,676
48,49692,310
48,49728,510
48,49800,16055
48,49860,2557
48,49932,1665
48,49968,4970
48,49992,131
48,50040,1222
48,50076,524
48,50100,20920
48,50200,983
48,50256,32156
48,50316,1401
48,50352,4230
48,50376,5113
48,50400,1336
48,50448,238
48,50472,8969
48,50496,304
48,50580,18118
48,50628,3088
48,50760,1419
48,50772,1233
48,50796,747
48,50808,4548
48,50820,110958
48,50868,535
48,50876,645
48,50916,735
48,50920,1558
48,51012,343
48,51036,675
48,51168,980
48,51336,888
48,51372,1571
48,51396,986
48,51444,70
48,51492,679
48,51588,2389
48,51648,3190
48,51708,7010
48,51720,464
48,51756,759
48,51792,338
48,51840,535
48,51984,276
48,52212,9453
48,52356,70658
48,52668,123
48,52902,819
48,53115,1679
48,53130,6367
48,53154,273
48,53160,1293
48,53190,2968
48,53217,418
48,53232,404
48,53304,88
48,53376,2302
48,53388,115743
48,53436,724
48,53520,438
48,53824,1338
48,53988,2161
48,54000,3017
48,54012,1926
48,54024,932
48,54048,3224
48,54075,227
48,54132,19108
48,54168,1178
48,54192,323
48,54216,1175
48,54432,2316
48,54444,4709
48,54528,1210
48,54600,990
48,54636,241
48,54684,4374
48,54708,19372
48,54726,289
48,54744,2555
48,54780,2591
48,54798,1358
48,54804,15874
48,54912,16543
48,54960,2358
48,55008,2507
48,55020,2481
48,55056,701
48,55080,24969
48,55152,6192
48,56000,146716
48,56108,624
48,56156,1888
48,56276,752
48,56348,127736
48,56384,8946
48,56432,615
48,56468,186
48,56485,742
48,56640,2571
48,56672,187
48,56696,6331
48,56912,8219
48,56996,973
48,57044,539
48,57056,86
48,57176,65301
48,57200,80410
48,57476,5884
48,57524,504
48,57608,2226
48,57615,1181
48,57644,902
48,57800,3067
48,57908,4515
48,57968,1328
48,57980,19420
48,58016,290190
48,58040,502
48,58088,1123
48,58280,11195
48,58400,358
48,58448,1521
48,58502,1558
48,58532,782
48,58556,686
48,58568,562
48,58586,1257
48,58664,2757
48,58808,3446
48,58820,55547
48,58892,5118
48,58904,20481
48,58916,11212
48,58940,13591
48,59012,3486
48,59065,888
48,59084,2992
48,59096,1968
48,59132,2779
48,59168,106
48,59192,289
48,59336,8479
48,59384,2401
48,59396,3102
48,59540,5371
48,59576,28027
48,59636,5037
48,59642,270
48,59696,41660
48,59748,9154
48,59984,68
48,59996,67
48,60044,2226
48,60080,1400
48,60140,1537
48,60164,26
48,60176,347
48,60188,2015
48,60356,1578
48,60544,2848
48,60632,2282
48,60668,733
48,60672,1159
48,60752,187
48,60836,10135
48,61172,929
48,61196,18624
48,61340,855
48,61436,2757
48,61508,344
48,61592,3544
48,61604,3489
48,61616,431
48,61700,1843
48,61736,1227
48,61796,117435
48,61820,273
48,61844,8323
48,61880,247
48,61892,12816
48,61904,4789
48,62108,1062
48,62138,4418
48,62168,15311
48,62180,2295
48,62240,1190
48,62252,771
48,62384,7370
48,62408,571
48,62486,823
48,62504,10798
48,62528,205
48,62564,1037
48,62588,12987
48,62600,10335
48,62612,581
48,62636,244
48,62672,5588
48,62804,10929
48,62816,848
48,62828,52918
48,62870,85
48,62924,1105
48,63008,1424
48,63020,11554
48,63044,2306
48,63140,448
48,63176,1220
48,63188,1339
48,63200,341
48,63272,331
48,63284,41104
48,63380,204
48,63404,370
48,63464,1309
48,63476,116
48,63500,130406
48,63524,93
48,63572,66813
48,63584,556
48,63668,24138
48,63752,556
48,63782,1990
48,63788,946
48,63848,5362
48,64004,1377
48,64064,32294
48,64088,373
48,64112,25139
48,64172,2319
48,64184,944
48,64220,986
48,64268,2394
48,64472,99262
48,65000,1495295
48,65024,1867
48,65036,24493
48,65066,369
48,65180,3605
48,65344,5480
48,65345,226
48,65360,10164
48,65372,715
48,65384,131
48,65408,9831
48,65516,36448
48,65552,509
48,65600,71569
48,65612,432
48,65636,540
48,65648,3115
48,65660,5323
48,65672,1030
48,65690,803
48,65726,12980
48,65768,2372
48,66008,753
48,66128,43239
48,66188,2783
48,66284,427
48,66332,335
48,66368,829
48,66392,13662
48,66416,1009
48,66428,19643
48,66440,2227
48,66464,7243
48,66644,36013
48,66704,11748
48,66764,7231
48,66884,73
48,66908,1469
48,66968,2576
48,67100,2957
48,67136,2932
48,67160,1709
48,67268,3722
48,67400,3807
48,67424,2005
48,67496,47473
48,67640,2163
48,67688,1513
48,67832,6775
48,67904,629
48,67964,659
48,68036,5551
48,68120,398
48,68180,5684
48,68300,488
48,68456,4126
48,68504,445
48,68576,548
48,68624,11187
48,68636,38238
48,68708,1806
48,68720,1419
48,68756,2391
48,68828,1851
48,68978,217
48,69020,15808
48,69032,31137
48,69104,1083
48,69120,409
48,69140,2041
48,69272,1855
48,69476,3037
48,69548,1958
48,69560,45
48,69608,244
48,69764,141
48,69800,4181
48,69830,4272
48,69848,830
48,69908,17338
48,69932,590
48,69980,2942
48,70040,2654
48,70052,185
48,70076,514
48,70208,21946
48,70232,1138
48,70340,1613
48,70376,1470
48,70406,411
48,70544,1886
48,70580,561
48,70604,267
48,70772,933
48,70808,108515
48,70868,3899
48,70904,16564
48,71060,1292
48,71156,8486
48,71180,1709
48,71228,791
48,71324,624
48,71356,73
48,71384,692
48,71492,3570
48,71540,10285
48,71684,2914
48,71708,2427
48,71732,488
48,71756,3048
48,71924,1377
48,71948,17337
48,71960,3713
48,71966,282
48,72020,3536
48,72080,229
48,72176,93095
48,72188,1012
48,72284,21480
48,72296,5059
48,72368,35741
48,72392,56609
48,72464,245
48,72476,464
48,72530,45471
48,72578,2372
48,72740,181
48,72776,1364
48,72788,423
48,72800,536
48,72824,865
48,72872,1641
48,72896,765
48,72989,1109
48,73030,471
48,73076,1002
48,73112,1283
48,73124,332
48,73196,92
48,73224,130
48,73268,1227
48,73316,14201
48,73328,945
48,73352,2295
48,73493,9965
48,73496,58
48,73580,294
48,73592,815
48,73652,853
48,73664,2449
48,73710,13666
48,73724,2107
48,73748,3169
48,73868,4408
48,73964,325
48,74048,839
48,74132,1220
48,74144,110327
48,74216,1821
48,74240,87
48,74312,467
48,74372,487
48,74408,20028
48,74492,24954
48,74588,15436
48,74648,67
48,74732,1301
48,74756,864
48,74912,2862
48,74924,6782
48,75032,1961
48,75188,884
48,75236,7528
48,75308,9788
48,75428,65800
48,75476,9738
48,75668,2813
48,75752,503
48,75764,1194
48,76000,144816
48,76024,955
48,76096,5808
48,76228,3368
48,76240,1349
48,76348,878
48,76576,321
48,76636,1940
48,76672,22934
48,76816,47201
48,76864,38109
48,76924,451
48,76948,12182
48,77020,2152
48,77044,170
48,77056,724
48,77152,1821
48,77164,226
48,77176,879
48,77272,43053
48,77332,2586
48,77380,205
48,77416,3616
48,77620,1920
48,77632,3181
48,77740,816
48,77746,4338
48,77752,3425
48,77788,636
48,77896,2072
48,77956,14791
48,78076,2661
48,78136,8742
48,78208,1446
48,78316,995
48,78328,365
48,78388,9571
48,78436,6221
48,78532,4181
48,78544,18005
48,78628,1776
48,78664,2090
48,79000,102691
48,79036,408
48,79408,6964
48,79492,6630
48,79564,3981
48,79576,6385
48,79612,446
48,79624,2881
48,79672,5759
48,79684,196
48,79696,352
48,79720,422
48,79768,876
48,79816,3614
48,79828,679
48,79876,2319
48,79919,229
48,79948,1454
48,79972,7258
48,80044,1535
48,80058,1872
48,80144,178
48,80176,1280
48,80188,233
48,80212,2404
48,80224,9680
48,80296,1027
48,80356,61078
48,80440,432
48,80560,5862
48,80584,1793
48,80728,610
49,00540,10298
49,00650,226
49,00760,249
49,00870,118
49,01090,507
49,01310,38549
49,01750,877
49,01860,125
49,01905,916
49,02740,1038
49,03345,1231
49,03950,883
49,04060,3676
49,05490,328
49,05534,516
49,06370,3189
49,06700,245
49,06810,19090
49,07470,243
49,07690,44144
49,08020,157
49,08460,19970
49,08570,447
49,08787,337
49,10330,193
49,10660,1538
49,11000,362
49,11320,39942
49,11430,417
49,11440,9800
49,11870,1419
49,11980,16517
49,12260,679
49,12420,411
49,12970,557
49,13190,757
49,13300,166
49,13850,34470
49,14070,513
49,14290,23588
49,14840,1533
49,15720,852
49,15830,871
49,15940,282
49,16270,32204
49,18140,857
49,18910,3728
49,19680,434
49,20120,49602
49,20340,1643
49,20780,146
49,20810,56932
49,20890,1567
49,22370,4925
49,22540,419
49,22650,872
49,22760,1280
49,22870,317
49,22875,1506
49,23200,8336
49,23420,2289
49,23530,6108
49,23640,4045
49,23750,827
49,24080,662
49,24410,157
49,24630,1281
49,24740,25771
49,24850,8021
49,25070,261
49,25180,1519
49,25290,622
49,25510,2671
49,26720,1276
49,26940,1809
49,27490,5950
49,27930,713
49,28150,2668
49,28810,1610
49,29360,320
49,29580,489
49,30130,968
49,31120,15267
49,31670,881
49,32660,3621
49,33100,170
49,33540,6802
49,33760,138
49,34200,18533
49,34530,2126
49,34640,815
49,34750,231
49,34970,60049
49,35120,1398
49,35190,20217
49,35300,1239
49,35740,643
49,35960,463
49,36070,30298
49,36290,1736
49,36400,9369
49,36620,232
49,36950,1982
49,37060,595
49,37170,23959
49,37390,5677
49,37500,10849
49,37690,112
49,37924,158
49,38710,10164
49,39370,305
49,39590,214
49,39810,2145
49,39920,5240
49,40030,477
49,40250,513
49,40360,32941
49,40470,37767
49,41350,137
49,41680,310
49,42010,2635
49,42560,307
49,43440,4510
49,43660,83516
49,43880,274
49,44100,864
49,44320,90227
49,44650,907
49,44760,1958
49,45090,11734
49,45530,514
49,45860,55250
49,46410,214
49,46740,125
49,47290,30087
49,47620,332
49,47730,3645
49,47840,1303
49,47950,13732
49,48300,2223
49,48610,454
49,48720,594
49,48830,348
49,49160,1334
49,49710,35561
49,49820,6076
49,50040,1412
49,50150,62205
49,50370,2468
49,50590,847
49,50700,5221
49,51140,1935
49,51360,2685
49,51580,1729
49,51910,4536
49,52130,1642
49,53010,3871
49,53230,49553
49,53340,563
49,53560,2466
49,54220,7122
49,54440,247
49,54550,829
49,54660,8271
49,54990,11711
49,55100,22233
49,55210,23560
49,55430,635
49,55650,1566
49,55980,87267
49,56860,1262
49,57080,591
49,57300,95519
49,57740,1797
49,57850,1028
49,57960,562
49,58070,8254
49,58510,3181
49,58730,24054
49,59390,5936
49,60710,8531
49,60930,37294
49,61150,11265
49,61260,438
49,61590,289
49,62030,8261
49,62360,9267
49,62470,113343
49,63020,483
49,63240,803
49,63570,8268
49,63680,3032
49,64010,9160
49,64120,2180
49,64340,44854
49,64560,223
49,64590,1018
49,64670,7224
49,65110,38592
49,65240,486
49,65330,104578
49,65770,10725
49,65880,2592
49,67000,209593
49,67440,91943
49,67660,8492
49,67770,17532
49,67825,52532
49,67880,369
49,67990,27
49,68650,427
49,69640,14726
49,69970,160
49,70850,84528
49,70960,17678
49,71070,26122
49,71180,8105
49,71290,45557
49,71730,1007
49,71840,589
49,72280,35471
49,72940,295
49,73050,624
49,74480,5358
49,74810,37022
49,74920,155
49,75360,57098
49,76680,39263
49,76900,1970
49,77010,257
49,77120,12411
49,77230,527
49,77560,512
49,77890,1402
49,80090,10557
49,80200,293
49,80420,14500
49,80530,701
49,80860,362
49,80970,296
49,81960,33877
49,82070,9070
49,82510,1630
49,82620,4194
49,82730,1132
49,82840,5857
49,82930,24014
49,82950,114908
49,83390,12479
49,83470,134470
49,84050,5676
49,84710,2283
49,85050,1571
49,85260,173
49,85370,11480
50,00400,178
50,00850,609
50,03175,8387
50,03475,726
50,04225,2769
50,10675,44528
50,11425,197
50,17425,634
50,17500,666
50,24025,1345
50,24400,10817
50,34975,425
50,36025,218
50,36475,756
50,37000,1327
50,41200,789
50,41950,1211
50,42700,771
50,43525,265
50,46000,7991
50,46825,2334
50,48100,458
50,48325,92
50,48850,4336
50,49075,1705
50,52075,603
50,53125,132
50,53575,773
50,56800,1098
50,61225,15630
50,61675,6935
50,62950,472
50,66175,21043
50,71650,2385
50,74650,2566
50,78025,451
50,79150,277
50,81325,288
50,85150,8251
50,85900,937
51,00148,8325
51,00180,512
51,00724,296
51,01000,155230
51,01528,3331
51,01672,2113
51,02040,1387
51,02072,1992
51,03368,7822
51,05544,6777
51,05912,535
51,06968,4782
51,07480,5114
51,07784,45485
51,07832,3336
51,08120,378
51,08152,4906
51,08584,261
51,08888,1225
51,08984,786
51,09016,299
51,09032,512
51,09208,120
51,09656,6765
51,09816,16807
51,10040,4317
51,10072,284
51,10296,1078
51,10744,1210
51,11032,6566
51,11560,416
51,12808,1265
51,12904,138
51,13784,1024
51,14952,498
51,14968,44983
51,14984,2052
51,15000,1198
51,15112,460
51,16000,253886
51,16480,1620
51,16512,3271
51,16608,22542
51,16880,309
51,16992,1302
51,17296,136
51,17376,240
51,17440,3388
51,17504,234
51,17536,62
51,17552,1337
51,17952,1562
51,18400,4003
51,18448,18393
51,19600,1289
51,19728,5545
51,19904,910
51,20160,2238
51,20752,21012
51,21184,787
51,21344,41837
51,21648,1740
51,22160,255
51,22560,441
51,23376,518
51,23648,2663
51,23680,70
51,23760,5916
51,23952,254
51,24752,295
51,25008,1211
51,25408,3036
51,25808,5463
51,26416,1431
51,26496,25144
51,27200,14685
51,27440,7478
51,27824,766
51,28544,449
51,29600,8339
51,29744,28928
51,29920,444
51,29968,15400
51,30208,6717
51,30496,2023
51,31056,1368
51,31136,1037
51,31376,92
51,31936,1492
51,31968,334
51,33232,1284
51,33488,2996
51,33648,837
51,34064,1091
51,34176,205
51,34240,607
51,35000,137098
51,35624,51082
51,35976,1570
51,36008,477
51,36648,24935
51,37288,112
51,37336,2856
51,38280,1195
51,38424,22752
51,39224,1242
51,39528,1005
51,40024,308
51,40088,472
51,40232,310
51,40536,635
51,41272,850
51,41656,141
51,41832,1116
51,42264,794
51,42424,1443
51,43176,611
51,44520,1001
51,44696,3110
51,44984,49312
51,45512,7528
51,47144,2150
51,47208,2707
51,47528,4828
51,47672,79535
51,48344,460
51,48488,209
51,48952,42696
51,48968,16361
51,49464,5617
51,49784,13763
51,50984,397
51,51448,676
51,51512,1413
51,52120,512
51,52680,172
51,52952,340
51,53864,454
51,53992,2008
51,54904,2046
51,54984,521
51,55592,121
51,55848,2193
51,56000,183118
51,56096,281
51,56304,376
51,57000,230930
51,57688,3492
51,58696,1047
51,59336,1157
51,59384,534
51,59496,5158
51,60296,270
51,60488,145
51,60680,809
51,61208,2832
51,61336,1130
51,61560,1577
51,61832,33309
51,61896,228
51,63288,257
51,63768,12635
51,63928,207
51,64000,96793
51,64272,844
51,64880,8858
51,65008,8924
51,65120,582
51,65392,16971
51,66512,646
51,66896,733
51,66928,5095
51,67000,229247
51,67208,737
51,68000,97171
51,68496,4968
51,69168,687
51,69456,1529
51,69936,838
51,70000,25600
51,70096,1779
51,70576,170
51,70752,126
51,70800,537
51,71776,2480
51,73200,8989
51,73712,7803
51,73904,4881
51,75008,357
51,75024,1703
51,75216,25915
51,75344,2116
51,75840,202
51,76000,7260
51,76256,1426
51,76432,100659
51,76880,208
51,77520,432
51,77568,2187
51,77792,4332
51,78192,252
51,78736,3062
51,79024,280
51,79456,139
51,79472,468
51,80272,503
51,81024,1747
51,81072,16306
51,81280,8046
51,81312,120
51,82000,453649
51,82320,255
51,82384,748
51,83136,10210
51,83168,1673
51,83248,84
51,83600,1942
51,83680,23182
51,83808,1238
51,84960,3536
51,85600,381
51,86160,15847
51,86720,27617
51,86784,2899
51,87072,2890
51,87712,5940
51,88000,8172
53,00100,17014
53,00905,10973
53,01010,556
53,01290,3191
53,01500,332
53,01990,18012
53,02585,21206
53,03075,1198
53,03180,83870
53,03736,24254
53,04475,22285
53,04895,304
53,05210,151574
53,05280,94720
53,05560,3733
53,06085,774
53,06330,6602
53,06505,6232
53,07170,22835
53,07380,50213
53,07695,45450
53,07835,2044
53,07870,2156
53,07940,6460
53,08570,5603
53,08605,615
53,08850,50730
53,08920,10358
53,09480,27254
53,09970,737
53,10215,2176
53,10495,3259
53,10565,2437
53,10635,594
53,11160,18754
53,11475,7571
53,11615,4412
53,11825,12620
53,12140,2659
53,12630,7242
53,12945,2211
53,13365,3077
53,13785,2773
53,13855,9762
53,13890,405
53,14170,5037
53,14310,194
53,14380,787
53,14485,4735
53,14870,1666
53,15080,551
53,15115,1223
53,15185,1928
53,15290,21125
53,15710,230
53,16340,175
53,16690,1466
53,16795,1775
53,16970,2510
53,17320,4898
53,17635,31988
53,18965,9784
53,19035,8517
53,20155,14102
53,20260,2804
53,20645,13257
53,20750,42701
53,21030,946
53,21240,18694
53,21450,3460
53,21485,244
53,21730,306
53,22010,1400
53,22045,12697
53,22080,8665
53,22640,111180
53,22745,3071
53,22990,590
53,23340,135
53,23515,97701
53,23620,15992
53,23795,10723
53,23970,6932
53,24810,3418
53,25615,2736
53,26140,560
53,26455,885
53,26735,12604
53,27365,2411
53,27435,3473
53,27855,958
53,27925,11149
53,27960,3700
53,27995,4829
53,29255,295
53,29710,570
53,29745,454
53,29920,177
53,30060,85
53,32300,8789
53,32755,446
53,33000,1116
53,33175,157
53,33560,451
53,33805,38977
53,34575,138
53,34645,3033
53,35065,12648
53,35170,23391
53,35275,85158
53,35415,133378
53,35485,1656
53,35940,91194
53,36045,1439
53,36395,47
53,36710,4357
53,36745,58326
53,36780,982
53,36850,296
53,37270,13006
53,37900,40521
53,38038,62303
53,38215,81
53,38355,1146
53,38495,174
53,38845,2412
53,39335,13188
53,39510,522
53,40070,1756
53,40245,37925
53,40770,419
53,40805,16551
53,40840,43867
53,40980,1943
53,41225,2037
53,42275,247
53,42800,328
53,43150,28434
53,43395,218
53,43955,72916
53,44165,3761
53,44690,4957
53,44725,2841
53,45005,24742
53,45180,385
53,45285,167
53,45320,284
53,45865,20742
53,45985,1856
53,46020,8693
53,46685,19447
53,46895,4179
53,47175,1088
53,47245,26299
53,47315,793
53,47490,21516
53,47560,35259
53,47665,4827
53,47735,21011
53,47805,1080
53,47980,2140
53,48540,192
53,48645,12761
53,48820,2217
53,49275,1539
53,49415,6527
53,49485,8268
53,49555,1422
53,50045,292
53,50325,392
53,50360,24016
53,50430,728
53,50570,7549
53,50745,926
53,50920,2418
53,51300,55733
53,51340,5004
53,51970,1852
53,52005,8955
53,52215,8878
53,52495,6927
53,52950,1041
53,53545,80038
53,53720,611
53,53930,666
53,55120,1428
53,55365,20101
53,55785,17950
53,55855,10502
53,55995,12171
53,56240,369
53,56450,6366
53,56625,32863
53,56695,42179
53,57115,8315
53,57220,2476
53,57430,3227
53,57465,679
53,57535,80280
53,57745,104491
53,57850,1014
53,58235,63757
53,58410,15027
53,58725,1711
53,58795,332
53,59145,574
53,59180,1613
53,59775,610
53,60055,954
53,60160,796
53,60230,1897
53,60510,1028
53,60860,595
53,61115,65116
53,62288,31799
53,63000,755078
53,63210,12940
53,63280,8571
53,63385,8203
53,63735,10806
53,63960,61353
53,64855,156
53,65170,10243
53,65205,13465
53,65345,1744
53,65625,1770
53,65765,556
53,66045,363
53,66290,278
53,67000,229447
53,67167,108235
53,67175,526
53,67210,272
53,67455,9016
53,67490,137
53,67770,6610
53,67875,1621
53,68260,6766
53,68330,1665
53,68435,10853
53,68750,16264
53,70000,222906
53,70560,805
53,70630,1943
53,71400,1638
53,71785,762
53,71890,1110
53,71960,8650
53,72625,21135
53,72905,27239
53,73080,1065
53,73290,6439
53,73360,388
53,73465,35049
53,73780,682
53,74060,196442
53,75565,1174
53,75775,33339
53,76125,4486
53,76160,2667
53,76405,16985
53,76440,200
53,76510,1128
53,76720,120
53,77105,35526
53,77630,2286
53,77665,18456
53,78330,2583
53,78680,924
53,78925,484
53,79135,202
53,79275,1944
53,79380,578
53,79590,13718
53,79625,6493
53,79835,1304
53,79975,1620
53,80010,96750
53,80150,1105
53,80220,10780
53,80500,3122
54,00364,689
54,00748,246
54,00772,941
54,01780,151
54,01900,501
54,01996,1272
54,03292,942
54,03364,78
54,04204,384
54,04276,4355
54,04612,1201
54,04876,752
54,04924,193
54,05332,16576
54,05452,524
54,05788,1789
54,05836,1106
54,06004,834
54,06340,1191
54,06844,756
54,06940,2553
54,06988,602
54,08092,119
54,08524,9272
54,08932,1005
54,09700,183
54,09796,265
54,09844,128
54,10180,9377
54,10852,61
54,11188,5055
54,11284,1205
54,11716,380
54,12124,167
54,12436,122
54,12484,821
54,13108,422
54,13525,847
54,13924,691
54,14308,1341
54,14524,956
54,14600,46838
54,14610,7672
54,15028,1290
54,15076,2113
54,15628,15489
54,15676,375
54,15916,459
54,16012,862
54,18412,469
54,20212,640
54,20428,581
54,20500,189
54,20980,395
54,22564,7163
54,22852,249
54,23092,791
54,24292,1517
54,24364,698
54,24484,207
54,24580,6755
54,24844,243
54,26452,18155
54,26524,370
54,26692,169
54,26932,398
54,27028,2804
54,27868,257
54,27940,304
54,28204,2692
54,28516,661
54,29044,468
54,29404,94
54,30196,703
54,30220,734
54,30364,530
54,30772,311
54,31324,684
54,31492,1425
54,32044,1079
54,32716,4589
54,32884,471
54,32908,674
54,32932,1371
54,34492,211
54,34516,992
54,34756,214
54,35092,94
54,35284,268
54,35428,1554
54,35500,494
54,36220,301
54,36436,221
54,36460,220
54,37372,227
54,37636,2142
54,39340,242
54,39460,45325
54,39532,6806
54,39628,157
54,39652,230
54,40828,388
54,42244,376
54,43180,2897
54,43300,294
54,43492,4843
54,43516,157
54,43780,253
54,44044,2956
54,46300,129
54,46468,326
54,46636,3785
54,48148,1337
54,48748,348
54,49252,695
54,49492,1282
54,50260,1613
54,50524,2742
54,50932,727
54,51100,1916
54,51676,969
54,51724,1435
54,52060,18935
54,52180,834
54,52228,505
54,52324,381
54,52780,314
54,53572,678
54,54100,542
54,54484,2755
54,54892,299
54,55276,1039
54,55468,1224
54,55540,139
54,55588,2487
54,55756,30429
54,56020,7724
54,56404,1276
54,57148,1383
54,58300,258
54,58372,984
54,58564,1418
54,58684,5087
54,59068,6426
54,59428,208
54,59458,817
54,59836,1454
54,60028,7849
54,60196,131
54,60364,1389
54,61636,2408
54,62140,29025
54,62284,1289
54,62332,410
54,62356,130
54,62764,1014
54,62956,2268
54,63052,449
54,63292,2904
54,63604,701
54,63892,344
54,63940,610
54,64228,3483
54,64516,864
54,64708,3908
54,65356,461
54,65692,5642
54,65956,131
54,66412,213
54,66652,1159
54,66988,5699
54,67108,3819
54,67636,526
54,67660,147
54,67996,137
54,68116,1623
54,68260,577
54,68596,3043
54,68908,813
54,70084,1753
54,70156,1531
54,70588,435
54,70828,847
54,71212,10387
54,71356,1762
54,71380,1482
54,71620,175
54,73468,1537
54,73636,2276
54,74380,1327
54,74740,709
54,74788,96
54,75172,1082
54,75292,13281
54,75820,1982
54,76516,1778
54,77188,1759
54,77980,3344
54,78580,836
54,78964,154
54,79708,1413
54,80020,602
54,80284,2
54,80932,651
54,81268,291
54,81940,415
54,82732,265
54,83500,10457
54,84484,559
54,84580,262
54,84940,1395
54,85156,18386
54,85228,3414
54,85324,2302
54,85804,500
54,85876,1441
54,85900,373
54,85924,442
54,85972,3776
54,85996,4043
54,86116,639
54,86452,26208
54,86620,703
54,86812,2187
54,86836,337
54,87508,2831
54,87556,2955
54,87892,339
54,87988,2368
54,88324,185
54,88708,175
55,00100,2321
55,00275,1780
55,00450,491
55,00750,1074
55,01000,3217
55,01150,13839
55,01225,717
55,01300,469
55,01325,704
55,01400,417
55,01550,9287
55,01725,2956
55,01750,1125
55,01800,378
55,02075,243
55,02250,7974
55,02375,74719
55,02500,3796
55,02550,853
55,02650,795
55,02800,834
55,03025,296
55,03225,7878
55,03425,16986
55,03550,1069
55,03775,698
55,03825,1524
55,04025,551
55,04250,357
55,04400,4366
55,04475,922
55,04550,1461
55,04625,12554
55,04775,1329
55,04875,3663
55,05325,440
55,05350,603
55,05450,4369
55,05575,421
55,05900,16531
55,06150,2495
55,06225,113
55,06300,2674
55,06350,16730
55,06425,1006
55,06500,36342
55,06825,968
55,06925,5611
55,07200,1501
55,07250,57
55,07550,405
55,07600,732
55,07650,855
55,07725,1341
55,07800,1448
55,07900,3587
55,08075,1270
55,08125,822
55,08225,3708
55,08265,4847
55,08375,740
55,08475,919
55,08525,454
55,08600,124
55,08725,1410
55,08850,3217
55,09025,312
55,09050,1099
55,09075,615
55,09300,870
55,09725,3365
55,09800,5187
55,09925,3212
55,10025,41884
55,10075,1529
55,10375,12553
55,10450,649
55,10475,238
55,10500,753
55,11062,1016
55,11200,11040
55,11475,1766
55,11525,367
55,11750,1474
55,11950,25326
55,12200,766
55,12225,1668
55,12250,1857
55,12325,1934
55,12350,635
55,12825,718
55,12850,662
55,12950,1167
55,13050,771
55,13175,138
55,13300,354
55,13325,530
55,13375,12527
55,13475,2108
55,13850,895
55,14150,243
55,14225,540
55,14325,2161
55,14475,3939
55,14575,14656
55,15100,546
55,15250,1102
55,15400,1574
55,15625,2227
55,15725,4529
55,15900,396
55,15975,483
55,16025,419
55,16150,1926
55,16250,723
55,16275,1188
55,16375,455
55,16450,5448
55,16500,3654
55,16775,88
55,16900,762
55,17100,1413
55,17175,8880
55,17225,80
55,17425,1703
55,17725,1099
55,17775,4052
55,17950,2126
55,17975,17706
55,18025,2304
55,18125,466
55,18575,353
55,18700,1088
55,18825,1570
55,18875,2509
55,19250,2515
55,19325,246
55,19350,11107
55,19400,7203
55,19450,8523
55,19700,2422
55,19775,25348
55,19850,317
55,20175,1017
55,20350,5085
55,20450,834
55,20550,2418
55,20675,230
55,20775,274
55,20850,939
55,21225,1843
55,21425,2146
55,21625,1617
55,21900,341
55,22100,4707
55,22300,70542
55,22475,901
55,22550,1444
55,22575,5991
55,22850,371
55,22975,197
55,23075,157
55,23175,683
55,23275,971
55,23300,10230
55,23325,986
55,23525,3298
55,23575,6316
55,23700,810
55,23725,505
55,23800,1326
55,23850,305
55,24075,434
55,24150,343
55,24400,521
55,24550,5823
55,24700,227
55,24825,456
55,25075,341
55,25125,1413
55,25150,1792
55,25600,2759
55,25650,139
55,25725,192
55,25950,32284
55,26275,44300
55,26350,1890
55,26400,832
55,26625,476
55,26675,12350
55,26850,778
55,26982,18947
55,27000,1603
55,27075,6608
55,27125,664
55,27300,35485
55,27500,1147
55,27550,2284
55,27800,681
55,27950,680
55,28000,316
55,28200,1682
55,28450,519
55,28625,233
55,28675,2948
55,28875,21020
55,29050,1276
55,29175,379
55,29350,457
55,29400,12919
55,29475,96
55,29625,1304
55,30000,12608
55,30425,374
55,30450,1347
55,30575,222
55,31000,105744
55,31125,14472
55,31175,36916
55,31300,1024
55,31525,13286
55,31575,1112
55,31675,536
55,32075,7522
55,32325,1851
55,32450,400
55,32790,14524
55,33000,15894
55,33100,10065
55,33175,674
55,33225,258
55,33275,318
55,33450,2584
55,33500,1177
55,34250,799
55,34450,867
55,34575,1211
55,34825,1420
55,35075,438
55,35150,10960
55,35400,304
55,35450,11581
55,35750,3773
55,35850,3364
55,35950,20775
55,36025,3251
55,36250,15473
55,36525,1555
55,36625,1083
55,36675,163
55,36800,1472
55,36925,71
55,37025,1203
55,37150,912
55,37225,267
55,37675,8000
55,37825,66102
55,37900,7646
55,38350,3441
55,38650,414
55,38675,2534
55,38800,17493
55,38900,892
55,39000,306
55,39150,477
55,39175,142
55,39225,98211
55,39300,4435
55,39350,2798
55,39525,3956
55,39650,7626
55,39750,284
55,39975,492
55,40275,2235
55,40550,8539
55,40750,282
55,40775,51327
55,40850,3087
55,40875,718
55,41300,3629
55,41450,8684
55,41525,7310
55,41675,6602
55,41725,1133
55,42250,3896
55,42450,2290
55,42825,377
55,43325,530
55,44225,155
55,44625,497
55,44950,12178
55,45325,646
55,45350,3199
55,45400,290
55,45425,436
55,45475,2680
55,45575,827
55,45950,303
55,46075,1187
55,46150,115
55,46200,1067
55,46400,2753
55,46600,484
55,46675,134
55,46850,9460
55,48000,280305
55,48175,115
55,48225,2616
55,48350,1405
55,48500,34568
55,48750,1308
55,49100,1560
55,49250,331
55,49300,11045
55,49400,1294
55,49450,1375
55,49500,172
55,49575,3810
55,49675,18736
55,49900,105
55,50000,358
55,50025,4176
55,50200,5138
55,50225,1750
55,50425,4406
55,50700,698
55,50750,531
55,50800,93
55,50825,18069
55,51000,39700
55,51025,16642
55,51150,25489
55,51250,9089
55,51300,546
55,51325,518
55,51375,3566
55,51575,22967
55,51875,267
55,52075,943
55,52200,5658
55,53000,561385
55,53100,2563
55,53250,554
55,53325,1423
55,53600,2848
55,53675,8536
55,53750,10439
55,53875,1449
55,53950,715
55,54000,1175
55,54075,794
55,54500,4538
55,54650,487
55,54675,209
55,54725,7756
55,54875,27727
55,54900,181
55,55050,8492
55,55200,1262
55,55275,25312
55,55550,1310
55,55700,913
55,55750,27453
55,55800,2311
55,55875,2409
55,55950,319
55,56000,158
55,56075,581
55,56125,418
55,56350,570
55,56375,40260
55,56450,1132
55,56700,2208
55,56800,3012
55,56900,2537
55,56925,7398
55,57100,10705
55,57325,1579
55,57375,285
55,57700,205
55,58000,5366
55,58025,587
55,58050,3888
55,58400,2198
55,58575,597
55,58800,37156
55,58850,305
55,58900,1057
55,59250,18682
55,59300,584
55,59350,4621
55,59400,2989
55,59475,183
55,59800,417
55,59875,3623
55,59925,19018
55,60075,537
55,60100,3101
55,60200,11676
55,60250,1481
55,60450,2872
55,60500,66184
55,60575,1787
55,60825,907
55,60875,534
55,60975,2986
55,61025,1693
55,61100,2051
55,61200,2369
55,61325,533
55,61425,199
55,61925,740
55,62175,3387
55,62240,16293
55,62250,8195
55,62450,1516
55,62675,372
55,63100,818
55,63125,732
55,63150,923
55,63250,11128
55,63300,21818
55,63525,14110
55,63600,583
55,63700,8908
55,63975,632
55,64100,10126
55,64175,1761
55,64450,12763
55,64625,652
55,64675,230
55,64750,352
55,64900,2558
55,65050,5373
55,65100,4370
55,65150,492
55,65325,563
55,65375,4485
55,65600,1262
55,65675,4049
55,66000,76602
55,66050,275
55,66150,1769
55,66200,1574
55,66350,3943
55,66450,374
55,66625,2021
55,66800,10190
55,66875,1196
55,66900,752
55,67100,261
55,67200,8185
55,67275,919
55,67350,9012
55,67475,11841
55,67625,4944
55,67800,262
55,67875,663
55,68100,1131
55,68175,7766
55,68275,16935
55,68325,1563
55,68475,2092
55,68550,3776
55,68725,204
55,68900,778
55,68975,325
55,69525,1033
55,69575,468
55,69725,5514
55,70000,431
55,70500,491
55,70550,2252
55,70650,9377
55,71025,718
55,71163,14367
55,71650,3475
55,71700,4260
55,71975,366
55,72150,2154
55,72725,3515
55,72875,1565
55,72925,9237
55,72975,49686
55,73025,8187
55,73175,252
55,73200,1384
55,73525,3222
55,73625,939
55,73725,13603
55,73750,2182
55,73825,1192
55,74175,880
55,74225,1165
55,74400,6363
55,74550,561
55,74575,670
55,74625,8140
55,74675,3220
55,75125,20211
55,75275,446
55,75325,9842
55,75400,1812
55,75625,2468
55,76025,1537
55,76300,1423
55,76625,3798
55,76825,662
55,77100,562
55,77175,122
55,77200,25752
55,77400,657
55,77475,78
55,77550,857
55,77675,13044
55,77750,1581
55,77825,1057
55,77875,9861
55,77925,6735
55,77975,13225
55,78175,642
55,78375,5287
55,78600,37890
55,78650,26423
55,78660,710
55,78725,518
55,78750,12162
55,79150,468
55,79250,345
55,79375,1256
55,79475,3284
55,79625,1775
55,79825,707
55,80075,9452
55,80125,3385
55,80225,98
55,80475,1880
55,81075,1037
55,81250,6362
55,81325,11169
55,81725,217
55,81775,5152
55,81850,377
55,82200,964
55,82575,7456
55,82600,15815
55,82650,526
55,82900,803
55,82925,4437
55,83100,478
55,83175,2947
55,83250,2803
55,83450,537
55,83525,2032
55,83825,5744
55,83925,3611
55,83975,22692
55,84250,70446
55,84275,8484
55,84350,15152
55,84375,6333
55,84425,11039
55,84475,39968
55,84525,597
55,84625,2220
55,84675,47038
55,84725,625
55,85025,707
55,85300,58874
55,85325,1582
55,85350,31886
55,85475,2366
55,85575,1323
55,85875,3997
55,86025,15969
55,86275,5298
55,86400,1760
55,86450,231
55,86575,330
55,86700,14553
55,86725,1616
55,86750,263
55,86775,736
55,86925,15627
55,86975,1598
55,87075,792
55,87200,2981
55,87475,205
55,87525,522
55,87700,1636
55,87725,9456
55,87900,2502
55,87975,325
55,88150,3344
55,88200,18670
55,88275,500
55,88325,996
55,88500,738
55,88825,120
55,89025,1409
55,89150,3699
55,89275,117
55,89300,741
55,89550,3244
55,89625,51
56,00245,2270
56,00825,160
56,01695,1332
56,04740,405
56,04885,66
56,05245,3001
56,05320,1330
56,05625,528
56,07060,396
56,10685,4621
56,11120,370
56,11265,368
56,11700,574
56,13150,58720
56,13900,65168
56,14165,171
56,15325,123
56,15760,10240
56,15905,492
56,17645,845
56,19385,827
56,19530,169
56,20110,524
56,20690,73
56,21125,6449
56,21415,990
56,22720,236
56,23155,154
56,24025,149
56,24750,450
56,25620,11807
56,25765,2778
56,28230,215
56,29825,146
56,31855,33496
56,32290,238
56,32435,2421
56,32870,93
56,33740,11496
56,33885,1709
56,34320,1104
56,35335,668
56,35625,65
56,38960,435
56,39105,326
56,40120,10639
56,41353,281
56,42005,2393
56,42730,76
56,43455,396
56,43745,378
56,44760,7615
56,45050,32152
56,46790,398
56,47805,4
56,47950,2350
56,48530,1445
56,48675,2189
56,49980,91
56,50270,92
56,50415,861
56,51575,238
56,51720,314
56,52445,286
56,53460,4517
56,54185,1001
56,55345,1280
56,56215,3326
56,57810,65
56,60130,226
56,61435,1121
56,61580,2034
56,61610,543
56,62450,6488
56,63755,1168
56,63900,8032
56,66075,63
56,66220,10923
56,67090,218
56,67235,22954
56,67440,426
56,68685,1752
56,69845,19543
56,70570,495
56,71150,363
56,73180,2042
56,74195,1098
56,74775,182
56,75790,257
56,76370,433
56,76515,2742
56,77530,6212
56,79125,888
56,79705,22
56,81300,197
56,83040,3509
56,84925,4785
56,85015,1653
56,86665,132
